id,Food Description,Energy (kcal),Protein (g),Lipids (g),Carbohydrate (g),Dietary Fiber (g),Saturated (g),Mono-unsaturated (g),Poly-unsaturated (g)
0,1,"Rice, brown, cooked",124.0,2.6,1.0,25.8,2.7,0.3,0.4,0.3
1,10,"Cookie, sweet, strawberry filled",471.0,5.7,19.6,71.0,1.5,6.1,6.5,1.7
2,100,"Broccoli, cooked",25.0,2.1,0.5,4.4,3.4,0.1,0.0,0.2
3,101,"Broccoli, raw",25.0,3.6,0.3,4.0,2.9,0.1,0.1,0.2
4,102,"Yam (Cará), cooked",78.0,1.5,0.1,18.9,2.6,0.0,0.0,0.0
5,103,"Yam (Cará), raw",96.0,2.3,0.1,23.0,7.3,0.0,0.0,0.0
6,104,"Amaranth leaves (Caruru), raw",34.0,3.2,0.6,6.0,4.5,0.1,0.0,0.3
7,105,"Catalonia (chicory), raw",24.0,1.9,0.3,4.8,2.0,0.1,0.0,0.1
8,106,"Catalonia (chicory), sautéed",63.0,2.0,4.8,4.8,3.7,0.7,1.1,3.0
9,107,"Onion, raw",39.0,1.7,0.1,8.9,2.2,0.0,0.0,0.0
10,108,"Spring onion, raw",20.0,1.9,0.4,3.4,3.6,0.0,0.0,0.0
11,109,"Carrot, cooked",30.0,0.8,0.2,6.7,2.6,0.0,0.0,0.0
12,11,"Cookie, sweet, wafer, chocolate filled",502.0,5.6,24.7,67.5,1.8,6.5,8.1,1.9
13,110,"Carrot, raw",34.0,1.3,0.2,7.7,3.2,0.0,0.0,0.0
14,111,"Chicory, raw",14.0,1.1,0.1,2.9,2.2,0.0,0.0,0.0
15,112,"Chayote, cooked",19.0,0.4,0.0,4.8,1.0,0.0,0.0,0.0
16,113,"Chayote, raw",17.0,0.7,0.1,4.1,1.3,0.0,0.0,0.0
17,114,"Cilantro, dehydrated leaves",309.0,20.9,10.4,48.0,37.3,0.0,0.0,0.0
18,115,"Collard greens, raw",27.0,2.9,0.5,4.3,3.1,0.1,0.0,0.1
19,116,"Collard greens, sautéed",90.0,1.7,6.6,8.7,5.7,1.0,1.6,3.6
20,117,"Cauliflower, raw",23.0,1.9,0.2,4.5,2.4,0.0,0.0,0.0
21,118,"Cauliflower, cooked",19.0,1.2,0.3,3.9,2.1,0.1,0.0,0.1
22,119,"New Zealand spinach, raw",16.0,2.0,0.2,2.6,2.1,0.0,0.0,0.0
23,12,"Cookie, sweet, wafer, strawberry filled",513.0,4.5,26.4,67.4,0.8,6.7,8.9,1.8
24,120,"New Zealand spinach, sautéed",67.0,2.7,5.4,4.2,2.5,0.9,1.3,2.9
25,121,"Cassava flour, raw",361.0,1.6,0.3,87.9,6.4,0.1,0.1,0.0
26,122,"Cassava flour, toasted",365.0,1.2,0.3,89.2,6.5,0.1,0.1,0.0
27,123,Puba flour (fermented cassava),360.0,1.6,0.5,87.3,4.2,0.2,0.2,0.0
28,124,Cassava starch,331.0,0.5,0.3,81.1,0.6,0.0,0.0,0.0
29,125,"Bean sprouts, raw",39.0,4.2,0.1,7.8,2.0,0.0,0.0,0.0
30,126,"Taro, raw",97.0,2.1,0.2,23.2,1.7,0.1,0.0,0.1
31,127,"Scarlet eggplant (Jiló), raw",27.0,1.4,0.2,6.2,4.8,0.1,0.1,0.2
32,128,"Jurubeba, raw",126.0,4.4,3.9,23.1,23.9,0.5,0.5,2.1
33,129,"Cassava, cooked",125.0,0.6,0.3,30.1,1.6,0.1,0.1,0.1
34,13,"Cracker, salty, cream cracker",432.0,10.1,14.4,68.7,2.5,4.4,4.6,2.9
35,130,"Cassava, raw",151.0,1.1,0.3,36.2,1.9,0.1,0.1,0.0
36,131,"Cassava farofa, seasoned",406.0,2.1,9.1,80.3,7.8,1.9,2.4,2.5
37,132,"Cassava, fried",300.0,1.4,11.2,50.3,1.9,1.7,2.8,6.2
38,133,"Basil, raw",21.0,2.0,0.4,3.6,3.3,0.1,0.0,0.3
39,134,"Maxixe (West Indian gherkin), raw",14.0,1.4,0.1,2.7,2.2,0.0,0.0,0.0
40,135,"Mustard greens, raw",18.0,2.1,0.2,3.2,1.9,0.0,0.0,0.0
41,136,"Gnocchi, potato, cooked",181.0,5.9,1.9,36.8,1.8,0.6,0.5,0.8
42,137,"Turnip, raw",18.0,1.2,0.1,4.1,2.6,0.0,0.0,0.0
43,138,"Heart of palm, Juçara, canned",23.0,1.8,0.4,4.3,3.2,0.1,0.0,0.1
44,139,"Heart of palm, Pupunha, canned",29.0,2.5,0.5,5.5,2.6,0.0,0.0,0.0
45,14,Cake mix,419.0,6.2,6.1,84.7,1.7,2.1,1.9,0.8
46,140,"Cheese bread (Pão de queijo), baked",363.0,5.1,24.6,34.2,0.6,0.0,0.0,0.0
47,141,"Cheese bread (Pão de queijo), raw",295.0,3.6,14.0,38.5,1.0,3.4,3.0,4.1
48,142,"Cucumber, raw",10.0,0.9,0.0,2.0,1.1,0.0,0.0,0.0
49,143,"Bell pepper, yellow, raw",28.0,1.2,0.4,6.0,1.9,0.0,0.0,0.0
50,144,"Bell pepper, green, raw",21.0,1.1,0.2,4.9,2.6,0.0,0.0,0.0
51,145,"Bell pepper, red, raw",23.0,1.0,0.1,5.5,1.6,0.0,0.0,0.0
52,146,Sweet cassava starch (tapioca starch),351.0,0.4,0.0,86.8,0.2,0.0,0.0,0.0
53,147,"Okra, raw",30.0,1.9,0.3,6.4,4.6,0.0,0.0,0.0
54,148,"Radish, raw",14.0,1.4,0.1,2.7,2.2,0.0,0.0,0.0
55,149,"Cabbage, white, raw",17.0,0.9,0.1,3.9,1.9,0.0,0.0,0.0
56,15,"Cake, ready-made, cassava",324.0,4.4,12.7,47.9,0.7,5.0,3.9,1.1
57,150,"Cabbage, red, raw",31.0,1.9,0.1,7.2,2.0,0.0,0.0,0.0
58,151,"Cabbage, red, sautéed",42.0,1.8,1.2,7.6,1.8,0.2,0.3,0.7
59,152,"Arugula, raw",13.0,1.8,0.1,2.2,1.7,0.0,0.0,0.0
60,153,"Parsley, raw",33.0,3.3,0.6,5.7,1.9,0.1,0.0,0.2
61,154,"Mixed vegetables, canned",57.0,3.4,0.4,12.7,3.1,0.1,0.2,0.2
62,155,"Sow thistle (Serralha), raw",30.0,2.7,0.7,4.9,3.5,0.1,0.1,0.3
63,156,"Taioba, raw",34.0,2.9,0.9,5.4,4.5,0.2,0.1,0.4
64,157,"Tomato, with seeds, raw",15.0,1.1,0.2,3.1,1.2,0.0,0.0,0.0
65,158,"Tomato, paste",61.0,2.4,0.2,15.0,2.8,0.0,0.0,0.0
66,159,"Tomato, sauce, industrialized",38.0,1.4,0.9,7.7,3.1,0.1,0.1,0.2
67,16,"Cake, ready-made, chocolate",410.0,6.2,18.5,54.7,1.4,5.5,6.2,3.0
68,160,"Tomato, purée",28.0,1.4,0.0,6.9,1.0,0.0,0.0,0.0
69,161,"Tomato, salad",21.0,0.8,0.0,5.1,2.3,0.0,0.0,0.0
70,162,"Green beans, raw",25.0,1.8,0.2,5.3,2.4,0.0,0.0,0.0
71,163,"Avocado, raw",96.0,1.2,8.4,6.0,6.3,2.3,4.3,1.4
72,164,"Pineapple, raw",48.0,0.9,0.1,12.3,1.0,0.0,0.0,0.0
73,165,"Pineapple, pulp, frozen",31.0,0.5,0.1,7.8,0.3,0.0,0.0,0.0
74,166,"Abiu, raw",62.0,0.8,0.7,14.9,1.7,0.3,0.1,0.1
75,167,"Açaí, pulp, with guaraná syrup and glucose",110.0,0.7,3.7,21.5,1.7,0.0,0.0,0.0
76,168,"Açaí, pulp, frozen",58.0,0.8,3.9,6.2,2.6,0.7,2.0,0.4
77,169,"Acerola, raw",33.0,0.9,0.2,8.0,1.5,0.0,0.0,0.0
78,17,"Cake, ready-made, coconut",333.0,5.7,11.3,52.3,1.1,4.9,3.0,1.8
79,170,"Acerola, pulp, frozen",22.0,0.6,0.0,5.5,0.7,0.0,0.0,0.0
80,171,"Plum, in syrup, canned",183.0,0.4,0.0,46.9,0.5,0.0,0.0,0.0
81,172,"Plum, raw",53.0,0.8,0.0,13.9,2.4,0.0,0.0,0.0
82,173,"Plum, in syrup, canned, drained",177.0,1.0,0.3,47.7,4.5,0.1,0.0,0.1
83,174,"Atemoya, raw",97.0,1.0,0.3,25.3,2.1,0.1,0.0,0.1
84,175,"Plantain, raw",128.0,1.4,0.2,33.7,1.5,0.0,0.0,0.0
85,176,"Banana, sweet paste",280.0,2.2,0.1,75.7,3.8,0.0,0.0,0.0
86,177,"Banana, fig, raw",105.0,1.1,0.1,27.8,2.8,0.0,0.0,0.0
87,178,"Banana, apple, raw",87.0,1.8,0.1,22.3,2.6,0.0,0.0,0.0
88,179,"Banana, nanica (Cavendish), raw",92.0,1.4,0.1,23.8,1.9,0.0,0.0,0.0
89,18,"Cake, ready-made, corn",311.0,4.8,12.4,45.1,0.7,4.5,3.9,1.5
90,180,"Banana, ouro (lady finger), raw",112.0,1.5,0.2,29.3,2.0,0.0,0.0,0.0
91,181,"Banana, pacova, raw",78.0,1.2,0.1,20.3,2.0,0.0,0.0,0.0
92,182,"Banana, prata (silver), raw",98.0,1.3,0.1,26.0,2.0,0.0,0.0,0.0
93,183,"Cacao, raw",74.0,1.0,0.1,19.4,2.2,0.0,0.0,0.0
94,184,"Ambarella (Cajá-Manga), raw",46.0,1.3,0.0,11.4,2.6,0.0,0.0,0.0
95,185,"Hog plum (Cajá), pulp, frozen",26.0,0.6,0.2,6.4,1.3,0.0,0.0,0.0
96,186,"Cashew fruit, raw",43.0,1.0,0.3,10.3,1.7,0.0,0.0,0.0
97,187,"Cashew fruit, pulp, frozen",37.0,0.5,0.2,9.4,0.8,0.0,0.0,0.0
98,188,"Cashew, juice concentrate, bottled",45.0,0.4,0.2,10.7,0.6,0.0,0.0,0.0
99,189,"Persimmon, chocolate, raw",71.0,0.4,0.1,19.3,6.5,0.0,0.0,0.0
100,19,"Hominy, white, raw",358.0,7.2,1.0,78.1,5.5,0.3,0.2,0.4
101,190,"Starfruit, raw",46.0,0.9,0.2,11.5,2.0,0.0,0.0,0.0
102,191,"Ciriguela (red mombin), raw",76.0,1.4,0.4,18.9,3.9,0.2,0.0,0.1
103,192,"Cupuaçu, raw",49.0,1.2,1.0,10.4,3.1,0.4,0.2,0.1
104,193,"Cupuaçu, pulp, frozen",49.0,0.8,0.6,11.4,1.6,0.3,0.1,0.0
105,194,"Fig, raw",41.0,1.0,0.2,10.2,1.8,0.0,0.0,0.0
106,195,"Fig, canned, in syrup",184.0,0.6,0.2,50.3,2.0,0.0,0.0,0.0
107,196,"Breadfruit, raw",67.0,1.1,0.2,17.2,5.5,0.1,0.0,0.0
108,197,"Guava, white, with skin, raw",52.0,0.9,0.5,12.4,6.3,0.1,0.0,0.2
109,198,"Guava, sweet paste",269.0,0.6,0.0,74.1,3.7,0.0,0.0,0.0
110,199,"Guava, sweet, cascão",286.0,0.4,0.1,78.7,4.4,0.0,0.0,0.0
111,2,"Rice, brown, raw",360.0,7.3,1.9,77.5,4.8,0.3,0.5,0.4
112,20,"Canjica (hominy pudding), with whole milk",112.0,2.4,1.2,23.6,1.2,0.6,0.4,0.1
113,200,"Guava, red, with skin, raw",54.0,1.1,0.4,13.0,6.2,0.1,0.0,0.3
114,201,"Soursop, raw",62.0,0.8,0.2,15.8,1.9,0.0,0.0,0.0
115,202,"Soursop, pulp, frozen",38.0,0.6,0.1,9.8,1.2,0.0,0.0,0.0
116,203,"Jabuticaba, raw",58.0,0.6,0.1,15.3,2.3,0.0,0.0,0.0
117,204,"Jackfruit, raw",88.0,1.4,0.3,22.5,2.4,0.1,0.1,0.0
118,205,"Rose apple (Jambo), raw",27.0,0.9,0.1,6.5,5.1,0.0,0.0,0.0
119,206,"Java plum (Jamelão), raw",41.0,0.5,0.1,10.6,1.8,0.0,0.0,0.0
120,207,"Kiwi, raw",51.0,1.3,0.6,11.5,2.7,0.1,0.1,0.3
121,208,"Orange, navel, raw",45.0,1.0,0.1,11.5,1.1,0.0,0.0,0.0
122,209,"Orange, navel, juice",37.0,0.7,0.0,8.7,0.0,0.0,0.0,0.0
123,21,"Cereal, corn, flakes, with salt",370.0,7.3,1.6,80.8,5.3,0.5,0.6,0.9
124,210,"Orange, bitter, raw",51.0,1.1,0.2,12.9,4.0,0.0,0.0,0.0
125,211,"Orange, bitter, juice",41.0,0.7,0.1,9.6,1.0,0.0,0.0,0.0
126,212,"Orange, lima, raw",46.0,1.1,0.1,11.5,1.8,0.0,0.0,0.0
127,213,"Orange, lima, juice",39.0,0.7,0.1,9.2,0.4,0.0,0.0,0.0
128,214,"Orange, pêra, raw",37.0,1.0,0.1,8.9,0.8,0.0,0.0,0.0
129,215,"Orange, pêra, juice",33.0,0.7,0.1,7.6,0.0,0.0,0.0,0.0
130,216,"Orange, valencia, raw",46.0,0.8,0.2,11.7,1.7,0.0,0.0,0.0
131,217,"Orange, valencia, juice",36.0,0.5,0.1,8.6,0.4,0.0,0.0,0.0
132,218,"Lemon, rangpur, juice",14.0,0.3,0.0,5.2,0.0,0.0,0.0,0.0
133,219,"Lemon, key lime, juice",22.0,0.6,0.1,7.3,0.0,0.0,0.0,0.0
134,22,"Cereal, corn, flakes, without salt",363.0,6.9,1.2,80.4,1.8,0.3,0.3,0.6
135,220,"Lemon, tahiti (Persian lime), raw",32.0,0.9,0.1,11.1,1.2,0.0,0.0,0.0
136,221,"Apple, Argentina, with skin, raw",63.0,0.2,0.2,16.6,2.0,0.1,0.0,0.0
137,222,"Apple, Fuji, with skin, raw",56.0,0.3,0.0,15.2,1.3,0.0,0.0,0.0
138,223,"Macauba palm fruit, raw",404.0,2.1,40.7,13.9,13.4,7.1,25.3,6.5
139,224,"Papaya, sweet in syrup, drained",196.0,0.2,0.1,54.0,1.3,0.0,0.0,0.0
140,225,"Papaya, Formosa, raw",45.0,0.8,0.1,11.6,1.8,0.0,0.0,0.0
141,226,"Papaya, Papaia, raw",40.0,0.5,0.1,10.4,1.0,0.0,0.0,0.0
142,227,"Green papaya, sweet in syrup, drained",209.0,0.3,0.1,57.6,1.2,0.0,0.0,0.0
143,228,"Mango, Haden, raw",64.0,0.4,0.3,16.7,1.6,0.1,0.1,0.0
144,229,"Mango, Palmer, raw",72.0,0.4,0.2,19.4,1.6,0.0,0.0,0.0
145,23,"Cereal, porridge, corn, infant",394.0,6.4,1.1,87.3,3.2,0.3,0.3,0.5
146,230,"Mango, pulp, frozen",48.0,0.4,0.2,12.5,1.1,0.1,0.1,0.0
147,231,"Mango, Tommy Atkins, raw",51.0,0.9,0.2,12.8,2.1,0.1,0.1,0.0
148,232,"Passion fruit, raw",68.0,2.0,2.1,12.3,1.1,0.2,0.3,0.9
149,233,"Passion fruit, pulp, frozen",39.0,0.8,0.2,9.6,0.5,0.0,0.0,0.0
150,234,"Passion fruit, juice concentrate, bottled",42.0,0.8,0.2,9.6,0.4,0.0,0.0,0.0
151,235,"Watermelon, raw",33.0,0.9,0.0,8.1,0.1,0.0,0.0,0.0
152,236,"Melon, raw",29.0,0.7,0.0,7.5,0.3,0.0,0.0,0.0
153,237,"Tangerine, Murcott, raw",58.0,0.9,0.1,14.9,3.1,0.0,0.0,0.0
154,238,"Tangerine, Rio, raw",37.0,0.7,0.1,9.3,2.7,0.0,0.0,0.0
155,239,"Strawberry, raw",30.0,0.9,0.3,6.8,1.7,0.0,0.0,0.0
156,24,"Cereal, shake mix, wheat, barley and oats",381.0,8.9,2.1,81.6,5.0,0.5,0.4,1.0
157,240,"Loquat, raw",43.0,0.3,0.0,11.5,3.0,0.0,0.0,0.0
158,241,"Pequi, raw",205.0,2.3,18.0,13.0,19.0,0.0,0.0,0.0
159,242,"Pear, Park, raw",61.0,0.2,0.2,16.1,3.0,0.1,0.0,0.1
160,243,"Pear, Williams, raw",53.0,0.6,0.1,14.0,3.0,0.0,0.0,0.0
161,244,"Peach, Aurora, raw",36.0,0.8,0.0,9.3,1.4,0.0,0.0,0.0
162,245,"Peach, canned, in syrup",63.0,0.7,0.0,16.9,1.0,0.0,0.0,0.0
163,246,"Sugar-apple (Pinha), raw",88.0,1.5,0.3,22.4,3.4,0.1,0.0,0.1
164,247,"Pitanga (Surinam cherry), raw",41.0,0.9,0.2,10.2,3.2,0.0,0.0,0.0
165,248,"Pitanga (Surinam cherry), pulp, frozen",19.0,0.3,0.1,4.8,0.7,0.0,0.0,0.0
166,249,"Pomegranate, raw",56.0,0.4,0.0,15.1,0.4,0.0,0.0,0.0
167,25,"Breakfast cereal, corn",365.0,7.2,1.0,83.8,4.1,0.4,0.3,0.3
168,250,"Tamarind, raw",276.0,3.2,0.5,72.5,6.4,0.1,0.2,0.0
169,251,"Tangerine, Poncã, raw",38.0,0.8,0.1,9.6,0.9,0.0,0.0,0.0
170,252,"Tangerine, Poncã, juice",36.0,0.5,0.0,8.8,0.0,0.0,0.0,0.0
171,253,"Tucumã, raw",262.0,2.1,19.1,26.5,12.7,4.7,9.7,0.9
172,254,"Umbu, raw",37.0,0.8,0.0,9.4,2.0,0.0,0.0,0.0
173,255,"Umbu, pulp, frozen",34.0,0.5,0.1,8.8,1.3,0.0,0.0,0.0
174,256,"Grape, Italia, raw",53.0,0.7,0.2,13.6,0.9,0.0,0.0,0.0
175,257,"Grape, Rubi, raw",49.0,0.6,0.2,12.7,0.9,0.0,0.0,0.0
176,258,"Grape, juice concentrate, bottled",58.0,0.0,0.0,14.7,0.2,0.0,0.0,0.0
177,259,Palm oil (dendê oil),884.0,0.0,100.0,0.0,0.0,43.1,40.1,16.6
178,26,"Breakfast cereal, corn, sugar",377.0,4.7,0.7,88.8,2.1,0.2,0.3,0.3
179,260,"Olive oil, extra virgin",884.0,0.0,0.0,0.0,0.0,14.9,75.5,9.5
180,261,"Butter, with salt",726.0,0.4,82.4,0.1,0.0,49.2,20.4,1.2
181,262,"Butter, without salt",758.0,0.4,86.0,0.0,0.0,51.5,21.9,1.5
182,263,"Margarine, with hydrogenated oil, with salt (65% lipids)",596.0,0.0,67.4,0.0,0.0,14.9,18.2,21.4
183,264,"Margarine, with hydrogenated oil, without salt (80% lipids)",723.0,0.0,81.7,0.0,0.0,0.0,0.0,0.0
184,265,"Margarine, with interesterified oil, with salt (65% lipids)",594.0,0.0,67.2,0.0,0.0,21.9,15.0,27.6
185,266,"Margarine, with interesterified oil, without salt (65% lipids)",593.0,0.0,67.1,0.0,0.0,20.9,14.4,26.5
186,267,"Oil, babassu",884.0,0.0,100.0,0.0,0.0,50.9,18.6,30.2
187,268,"Oil, canola",884.0,0.0,100.0,0.0,0.0,7.9,62.6,28.4
188,269,"Oil, sunflower",884.0,0.0,100.0,0.0,0.0,10.8,25.4,62.6
189,27,"Cream of rice, powder",386.0,7.0,1.2,83.9,1.1,0.4,0.3,0.4
190,270,"Oil, corn",884.0,0.0,100.0,0.0,0.0,15.2,33.4,50.9
191,271,"Oil, pequi",884.0,0.0,100.0,0.0,0.0,39.9,55.8,4.2
192,272,"Oil, soybean",884.0,0.0,100.0,0.0,0.0,15.2,23.3,60.0
193,273,"Haddock, fillet, frozen, baked",112.0,23.5,1.2,0.0,0.0,0.6,0.3,0.1
194,274,"Haddock, fillet, frozen, cooked",91.0,19.3,0.9,0.0,0.0,0.4,0.3,0.2
195,275,"Haddock, fillet, frozen, raw",59.0,13.1,0.4,0.0,0.0,0.1,0.0,0.1
196,276,"Haddock, fillet, frozen, grilled",130.0,27.6,1.3,0.0,0.0,0.6,0.3,0.6
197,277,"Tuna, canned in oil",166.0,26.2,6.0,0.0,0.0,1.0,1.3,3.2
198,278,"Tuna, fresh, raw",118.0,25.7,0.9,0.0,0.0,0.5,0.2,0.0
199,279,"Cod, salted, raw",136.0,29.0,1.3,0.0,0.0,0.6,0.3,0.2
200,28,"Cream of corn, powder",333.0,4.8,1.6,86.1,3.7,0.3,0.5,0.8
201,280,"Cod, salted, sautéed",140.0,24.0,3.6,1.2,0.0,0.9,1.1,1.2
202,281,"Dogfish, steak, with wheat flour, fried",208.0,25.0,10.0,3.1,0.5,1.5,2.2,5.2
203,282,"Dogfish, steak, cooked",116.0,25.6,0.7,0.0,0.0,0.2,0.1,0.2
204,283,"Dogfish, steak, raw",83.0,17.9,0.8,0.0,0.0,0.1,0.1,0.2
205,284,"Shrimp, Rio Grande, large, cooked",90.0,19.0,1.0,0.0,0.0,0.4,0.2,0.2
206,285,"Shrimp, Rio Grande, large, raw",47.0,10.0,0.5,0.0,0.0,0.1,0.1,0.2
207,286,"Shrimp, Sete Barbas, headless, with shell, fried",231.0,18.4,15.6,2.9,0.0,2.5,3.6,8.8
208,287,"Crab, cooked",83.0,18.5,0.4,0.0,0.0,0.2,0.2,0.0
209,288,"Curimbatá (fish), raw",128.0,17.4,6.0,0.0,0.0,2.5,2.3,0.3
210,289,"Curimbatá (fish), baked",261.0,19.9,19.6,0.0,0.0,4.8,6.4,2.6
211,29,"Curau (corn pudding), green corn",78.0,2.4,1.6,13.9,0.5,0.8,0.5,0.2
212,290,"Curimbatá (fish), cooked",239.0,20.1,16.9,0.0,0.0,4.5,6.5,2.3
213,291,"Freshwater croaker, raw",101.0,18.9,2.2,0.0,0.0,1.2,0.7,0.1
214,292,"Seawater croaker, raw",94.0,18.6,1.6,0.0,0.0,0.7,0.5,0.1
215,293,"Croaker, large, baked",147.0,26.8,3.6,0.0,0.0,1.5,1.2,0.3
216,294,"Croaker, large, cooked",100.0,23.4,2.6,0.0,0.0,0.7,0.6,0.6
217,295,"Dourada (freshwater fish), fresh",131.0,18.8,5.6,0.0,0.0,3.0,1.4,0.4
218,296,"Lambari (small fish), frozen, raw",131.0,16.8,6.5,0.0,0.0,2.0,2.2,1.2
219,297,"Lambari (small fish), frozen, fried",327.0,28.4,22.8,0.0,0.0,5.5,7.0,8.1
220,298,"Lambari (small fish), fresh, raw",152.0,15.7,9.4,0.0,0.0,3.4,3.3,1.1
221,299,"Manjuba (anchovy), with wheat flour, fried",344.0,23.5,22.6,10.2,0.4,5.5,5.4,10.4
222,3,"Rice, type 1, cooked",128.0,2.5,0.2,28.1,1.6,0.2,0.0,0.0
223,30,"Curau (corn pudding), green corn, mix",402.0,2.2,13.4,79.8,2.5,3.0,4.9,1.4
224,300,"Manjuba (anchovy), fried",349.0,30.1,24.5,0.0,0.0,5.3,6.0,11.7
225,301,"Hake, fillet, baked",122.0,26.6,0.9,0.0,0.0,0.2,0.1,0.3
226,302,"Hake, fillet, raw",89.0,16.6,2.0,0.0,0.0,0.9,0.5,0.4
227,303,"Hake, fillet, fried",192.0,26.9,8.5,0.0,0.0,1.4,2.1,4.3
228,304,"Whiting, white, raw",111.0,16.3,4.6,0.0,0.0,0.8,2.4,0.9
229,305,"Whiting, white, fried",223.0,27.4,11.8,0.0,0.0,2.3,3.2,5.2
230,306,"Whiting, fillet, with wheat flour, fried",283.0,21.4,19.1,5.0,0.0,2.2,4.4,9.1
231,307,"Whiting, fillet, raw",107.0,16.7,4.0,0.0,0.0,0.9,2.3,0.3
232,308,"Whiting, fillet, fried",154.0,28.6,3.6,0.0,0.0,1.0,1.1,1.2
233,309,"Whiting, fillet, escabeche sauce",142.0,11.8,8.0,5.0,0.8,1.3,2.9,4.3
234,31,"Flour, rice, enriched",363.0,1.3,0.3,85.5,0.6,0.2,0.1,0.2
235,310,"Whiting (small), raw",76.0,15.5,1.1,0.0,0.0,0.3,0.2,0.4
236,311,"Pintado (catfish), baked",192.0,36.5,4.0,0.0,0.0,1.8,0.0,0.3
237,312,"Pintado (catfish), raw",91.0,18.6,1.3,0.0,0.0,0.6,1.3,0.1
238,313,"Pintado (catfish), grilled",152.0,30.8,2.3,0.0,0.0,1.1,0.0,0.2
239,314,"Porquinho (triggerfish), raw",93.0,20.5,0.6,0.0,0.0,0.4,0.1,0.0
240,315,"Salmon, fillet, with skin, fresh, grilled",229.0,23.9,14.0,0.0,0.0,3.1,4.4,7.0
241,316,"Salmon, skinless, fresh, raw",170.0,19.3,9.7,0.0,0.0,2.5,2.9,3.1
242,317,"Salmon, skinless, fresh, grilled",243.0,26.1,14.5,0.0,0.0,3.6,4.1,5.0
243,318,"Sardine, baked",164.0,32.2,3.0,0.0,0.0,1.7,0.5,0.3
244,319,"Sardine, canned in oil",285.0,15.9,24.0,0.0,0.0,4.1,5.5,11.9
245,32,"Flour, rye, whole",336.0,12.5,1.8,73.3,15.5,0.3,0.3,0.8
246,320,"Sardine, fried",257.0,33.4,12.7,0.0,0.0,2.6,3.1,6.1
247,321,"Sardine, whole, raw",114.0,21.1,2.7,0.0,0.0,1.7,0.5,0.2
248,322,"Peacock bass, fillet, frozen, raw",88.0,18.0,1.2,0.0,0.0,0.6,0.4,0.4
249,323,Pressed ham,129.0,13.5,6.7,2.9,0.0,1.9,2.6,1.1
250,324,"Beef broth, cube",241.0,7.8,16.6,15.1,0.6,7.8,2.5,0.1
251,325,"Chicken broth, cube",251.0,6.3,20.4,10.6,11.8,9.4,3.2,0.2
252,326,"Beef, chuck, ground, cooked",212.0,26.7,10.9,0.0,0.0,4.8,4.6,0.3
253,327,"Beef, chuck, ground, raw",137.0,19.4,5.9,0.0,0.0,2.7,2.4,0.1
254,328,"Beef, chuck, lean, cooked",0.0,27.3,10.9,0.0,0.0,5.5,0.0,0.3
255,329,"Beef, chuck, lean, raw",144.0,20.8,6.1,0.0,0.0,2.8,2.3,0.2
256,33,"Flour, corn, yellow",351.0,7.2,1.5,79.1,5.5,0.4,0.4,0.6
257,330,"Beef, meatballs, raw",189.0,12.3,11.2,9.8,0.0,3.9,3.5,0.9
258,331,"Beef, meatballs, fried",272.0,18.2,15.8,14.3,0.0,4.2,5.0,5.5
259,332,"Beef, tripe, cooked",133.0,21.6,4.5,0.0,0.0,2.4,1.4,0.1
260,333,"Beef, tripe, raw",137.0,20.5,5.5,0.0,0.0,3.3,1.4,0.1
261,334,"Beef, rib cap, with fat, raw",217.0,19.2,15.0,0.0,0.0,6.9,6.2,0.1
262,335,"Beef, rib cap, with fat, grilled",312.0,30.7,20.0,0.0,0.0,8.8,8.7,0.3
263,336,"Beef, rib cap, lean, raw",131.0,21.5,4.3,0.0,0.0,1.9,1.9,0.1
264,337,"Beef, rib cap, lean, grilled",239.0,35.1,10.0,0.0,0.0,4.3,4.3,0.2
265,338,"Beef, jerked (charque), cooked",263.0,36.4,11.9,0.0,0.0,4.8,5.4,0.4
266,339,"Beef, jerked (charque), raw",249.0,22.7,16.8,0.0,0.0,8.7,6.6,0.2
267,34,Breadcrumbs,371.0,11.4,1.5,75.8,4.8,0.6,0.4,0.8
268,340,"Beef, sirloin, breaded (à milanesa)",352.0,20.6,24.0,12.2,0.4,7.2,8.1,6.9
269,341,"Beef, strip loin (rib end), raw",202.0,19.8,13.1,0.0,0.0,6.7,4.6,0.1
270,342,"Beef, strip loin (rib end), grilled",275.0,29.9,16.3,0.0,0.0,8.8,5.6,0.2
271,343,"Beef, sirloin, with fat, raw",206.0,21.2,12.8,0.0,0.0,0.0,0.0,0.0
272,344,"Beef, sirloin, with fat, grilled",278.0,32.4,15.5,0.0,0.0,7.4,6.3,0.2
273,346,"Beef, sirloin, lean, grilled",194.0,35.9,4.5,0.0,0.0,2.0,1.9,0.1
274,347,"Beef, rib, roasted",373.0,28.8,27.7,0.0,0.0,11.8,12.1,0.3
275,348,"Beef, rib, raw",358.0,16.7,31.8,0.0,0.0,14.9,12.7,0.3
276,349,"Beef, top round, lean, cooked",217.0,31.9,8.9,0.0,0.0,3.5,4.1,0.2
277,35,"Flour, wheat",360.0,9.8,1.4,75.1,2.3,0.3,0.2,0.4
278,350,"Beef, top round, lean, raw",148.0,21.5,6.2,0.0,0.0,2.9,2.4,0.1
279,351,"Beef, topside (inside round), lean, cooked",219.0,32.4,8.9,0.0,0.0,4.3,3.4,0.2
280,352,"Beef, topside (inside round), lean, raw",169.0,21.2,8.7,0.0,0.0,3.9,3.7,0.1
281,353,"Beef, hump (cupim), roasted",330.0,28.6,23.0,0.0,0.0,5.5,5.4,0.2
282,354,"Beef, hump (cupim), raw",221.0,19.5,15.3,0.0,0.0,6.8,6.4,0.2
283,355,"Beef, liver, raw",141.0,20.7,5.4,1.1,0.0,2.8,1.5,0.1
284,356,"Beef, liver, grilled",225.0,29.9,9.0,4.2,0.0,4.7,2.2,1.1
285,357,"Beef, tenderloin (filé mignon), lean, raw",143.0,21.6,5.6,0.0,0.0,0.0,0.0,0.0
286,358,"Beef, tenderloin (filé mignon), lean, grilled",220.0,32.8,8.8,0.0,0.0,4.5,3.1,0.2
287,359,"Beef, flank, lean, cooked",196.0,29.4,7.8,0.0,0.0,3.9,2.8,0.1
288,36,"Cereal, milk-based",415.0,11.9,5.8,77.8,1.9,3.3,1.4,0.6
289,360,"Beef, flank, lean, raw",141.0,20.0,6.2,0.0,0.0,3.1,2.3,0.1
290,361,"Beef, flank steak (fraldinha), with fat, cooked",338.0,24.2,26.0,0.0,0.0,12.1,10.4,0.5
291,362,"Beef, flank steak (fraldinha), with fat, raw",221.0,17.6,16.1,0.0,0.0,7.3,6.5,0.3
292,363,"Beef, eye of round (lagarto), cooked",222.0,32.9,9.1,0.0,0.0,3.9,4.0,0.2
293,364,"Beef, eye of round (lagarto), raw",135.0,20.5,5.2,0.0,0.0,2.3,2.3,0.1
294,365,"Beef, tongue, cooked",315.0,21.4,24.8,0.0,0.0,11.2,10.3,0.5
295,366,"Beef, tongue, raw",215.0,17.1,15.8,0.0,0.0,6.8,6.8,0.3
296,367,"Beef, tri-tip (maminha), raw",153.0,20.9,7.0,0.0,0.0,3.1,3.1,0.1
297,368,"Beef, tri-tip (maminha), grilled",153.0,30.7,2.4,0.0,0.0,9.7,7.7,0.2
298,369,"Beef, sirloin center (miolo de alcatra), lean, raw",163.0,21.6,7.8,0.0,0.0,3.4,3.3,0.1
299,37,"Lasagna, fresh pasta, cooked",164.0,5.8,1.2,32.5,1.6,0.6,0.4,0.1
300,370,"Beef, sirloin center (miolo de alcatra), lean, grilled",241.0,31.9,11.6,0.0,0.0,5.1,4.9,0.3
301,371,"Beef, shank (músculo), lean, cooked",194.0,31.2,6.7,0.0,0.0,2.9,2.8,0.1
302,372,"Beef, shank (músculo), lean, raw",0.0,21.6,5.5,0.0,0.0,2.2,0.0,0.1
303,373,"Beef, shoulder (paleta), with fat, raw",159.0,21.4,7.5,0.0,0.0,3.5,2.9,0.2
304,374,"Beef, shoulder (paleta), lean, cooked",194.0,29.7,7.4,0.0,0.0,3.4,3.0,0.2
305,375,"Beef, shoulder (paleta), lean, raw",141.0,21.0,5.7,0.0,0.0,2.7,2.1,0.1
306,376,"Beef, knuckle (patinho), lean, raw",133.0,21.7,4.5,0.0,0.0,2.0,1.9,0.2
307,377,"Beef, knuckle (patinho), lean, grilled",219.0,35.9,7.3,0.0,0.0,3.1,3.1,0.3
308,378,"Beef, brisket (peito), lean, cooked",338.0,22.2,27.0,0.0,0.0,11.7,11.5,0.4
309,379,"Beef, brisket (peito), lean, raw",259.0,17.6,20.4,0.0,0.0,8.2,9.2,0.5
310,38,"Lasagna, fresh pasta, raw",220.0,7.0,1.3,45.1,1.6,0.5,0.4,0.4
311,380,"Beef, picanha (rump cap), with fat, raw",213.0,18.8,14.7,0.0,0.0,6.1,6.7,0.3
312,381,"Beef, picanha (rump cap), with fat, grilled",289.0,26.4,19.5,0.0,0.0,7.9,9.2,0.4
313,382,"Beef, picanha (rump cap), lean, raw",134.0,21.3,4.7,0.0,0.0,0.0,0.0,0.0
314,383,"Beef, picanha (rump cap), lean, grilled",238.0,31.9,11.3,0.0,0.0,4.5,5.2,0.3
315,384,"Beef, dried (carne seca), cooked",313.0,26.9,21.9,0.0,0.0,10.5,8.3,0.4
316,385,"Beef, dried (carne seca), raw",313.0,19.7,25.4,0.0,0.0,8.7,7.5,0.3
317,386,"Chicken coxinha, fried",283.0,9.6,11.8,34.5,5.0,2.6,3.4,4.7
318,387,"Croquette, meat, raw",246.0,12.0,15.6,13.9,0.0,0.0,0.0,0.0
319,388,"Croquette, meat, fried",347.0,16.9,22.7,18.1,0.0,5.1,7.4,11.5
320,389,"Chicken pot pie (Empada), pre-cooked, baked",358.0,6.9,15.6,47.5,2.2,0.0,0.0,0.0
321,39,Instant noodles,436.0,8.8,17.2,62.4,5.6,0.0,0.0,0.0
322,390,"Chicken pot pie (Empada), pre-cooked",377.0,7.3,22.9,35.5,2.2,5.4,5.2,1.4
323,391,"Chicken, wing, with skin, raw",213.0,18.1,15.1,0.0,0.0,4.4,6.6,3.0
324,392,"Chicken, free-range, whole, with skin, cooked",243.0,23.9,15.6,0.0,0.0,4.4,7.5,2.3
325,393,"Chicken, free-range, whole, skinless, cooked",196.0,29.6,7.7,0.0,0.0,2.2,3.4,1.2
326,394,"Chicken, heart, raw",222.0,12.6,18.6,0.0,0.0,4.9,6.3,3.4
327,395,"Chicken, heart, grilled",207.0,22.4,12.1,0.6,0.0,3.5,4.3,1.6
328,396,"Chicken, thigh, with skin, baked",215.0,28.5,10.4,0.1,0.0,3.1,3.8,2.2
329,397,"Chicken, thigh, with skin, raw",161.0,17.1,9.8,0.0,0.0,3.0,4.1,2.2
330,398,"Chicken, thigh, skinless, cooked",167.0,26.9,5.8,0.0,0.0,2.0,2.1,1.1
331,399,"Chicken, thigh, skinless, raw",120.0,17.8,4.9,0.0,0.0,1.6,2.1,0.8
332,4,"Rice, type 1, raw",358.0,7.2,0.3,78.8,1.6,0.1,0.1,0.1
333,40,"Pasta, wheat, raw",371.0,10.0,1.3,77.9,2.9,0.0,0.0,0.0
334,400,"Chicken, liver, raw",106.0,17.6,3.5,0.0,0.0,1.3,0.7,0.6
335,401,"Chicken, fillet, breaded (à milanesa)",221.0,28.5,7.8,7.5,1.1,1.6,2.4,3.3
336,402,"Chicken, whole, with skin, raw",226.0,16.4,17.3,0.0,0.0,5.2,7.2,3.9
337,403,"Chicken, whole, skinless, baked",187.0,28.0,7.5,0.0,0.0,2.1,2.6,1.8
338,404,"Chicken, whole, skinless, cooked",170.0,25.0,7.1,0.0,0.0,2.2,2.5,1.5
339,405,"Chicken, whole, skinless, raw",129.0,20.6,4.6,0.0,0.0,1.4,1.9,1.0
340,406,"Chicken, breast, with skin, baked",212.0,33.4,7.6,0.0,0.0,2.2,2.7,1.8
341,407,"Chicken, breast, with skin, raw",149.0,20.8,6.7,0.0,0.0,2.2,3.2,0.9
342,408,"Chicken, breast, skinless, cooked",163.0,31.5,3.2,0.0,0.0,1.1,1.1,0.6
343,409,"Chicken, breast, skinless, raw",119.0,21.5,3.0,0.0,0.0,1.1,1.3,0.0
344,41,"Pasta, wheat, raw, with eggs",371.0,10.3,2.0,76.6,2.3,0.5,0.4,0.8
345,410,"Chicken, breast, skinless, grilled",159.0,32.0,2.5,0.0,0.0,0.9,0.9,0.3
346,411,"Chicken, upper thigh, with skin, baked",260.0,28.7,15.2,0.0,0.0,4.2,5.4,3.9
347,412,"Chicken, upper thigh, with skin, raw",255.0,15.5,20.9,0.0,0.0,6.5,9.6,3.6
348,413,"Chicken, upper thigh, skinless, baked",233.0,29.2,12.0,0.0,0.0,3.3,4.2,3.1
349,414,"Chicken, upper thigh, skinless, raw",162.0,17.6,9.6,0.0,0.0,3.0,4.5,1.6
350,415,"Hamburger, beef, raw",215.0,13.2,16.2,4.2,0.0,5.7,5.8,0.8
351,416,"Hamburger, beef, fried",258.0,20.0,17.0,6.3,0.0,5.9,6.0,3.7
352,417,"Hamburger, beef, grilled",210.0,13.2,12.4,11.3,0.0,5.1,4.8,1.2
353,418,"Sausage, chicken, raw",218.0,14.2,17.4,0.0,0.0,5.2,7.3,3.5
354,419,"Sausage, chicken, fried",245.0,18.3,18.5,0.0,0.0,5.0,7.2,4.3
355,42,"Corn starch, raw",361.0,0.6,0.0,87.1,0.7,0.0,0.0,0.0
356,420,"Sausage, chicken, grilled",244.0,18.2,18.4,0.0,0.0,4.7,6.8,3.4
357,421,"Sausage, pork, raw",227.0,16.1,17.6,0.0,0.0,4.0,5.0,1.7
358,422,"Sausage, pork, fried",280.0,20.5,21.3,0.0,0.0,6.5,8.2,2.7
359,423,"Sausage, pork, grilled",296.0,23.2,21.9,0.0,0.0,7.0,8.7,2.6
360,424,Mortadella,269.0,12.0,21.6,5.8,0.0,6.1,8.1,4.7
361,425,"Turkey, frozen, baked",163.0,26.2,5.7,0.0,0.0,1.6,1.2,1.4
362,426,"Turkey, frozen, raw",94.0,18.1,1.8,0.0,0.0,0.4,0.4,0.7
363,427,"Pork, chop, raw",164.0,21.5,8.0,0.0,0.0,3.5,3.9,1.2
364,428,"Pork, chop, fried",311.0,33.7,18.5,0.0,0.0,6.0,6.6,4.6
365,429,"Pork, chop, grilled",280.0,28.9,17.4,0.0,0.0,7.5,7.7,1.2
366,43,"Cornmeal (fubá), raw",353.0,7.2,1.9,78.9,4.7,0.4,0.9,1.3
367,430,"Pork, rib, roasted",402.0,30.2,30.3,0.0,0.0,11.8,13.9,3.1
368,431,"Pork, rib, raw",256.0,18.0,19.8,0.0,0.0,7.4,8.3,2.3
369,432,"Pork, loin, roasted",210.0,35.7,6.4,0.0,0.0,2.6,2.9,0.7
370,433,"Pork, loin, raw",176.0,22.6,8.8,0.0,0.0,3.3,3.7,1.0
371,434,"Pork, ear, salted, raw",258.0,18.5,19.9,0.0,0.0,7.3,11.2,2.8
372,435,"Pork, leg, roasted",262.0,32.1,13.9,0.0,0.0,4.8,6.4,1.9
373,436,"Pork, leg, raw",186.0,20.1,11.1,0.0,0.0,4.2,5.0,1.7
374,437,"Pork, tail, salted, raw",377.0,15.6,34.5,0.0,0.0,11.6,16.7,4.3
375,438,"Ham, with fat cap",128.0,14.4,6.8,1.4,0.0,1.9,2.6,1.0
376,439,"Ham, without fat cap",94.0,14.3,2.7,2.1,0.0,0.9,1.1,0.5
377,44,"Corn, green, raw",138.0,6.6,0.6,28.6,3.9,0.2,0.2,0.6
378,440,"Kibbeh, baked",136.0,14.6,2.7,12.9,1.9,1.2,0.9,0.3
379,441,"Kibbeh, raw",109.0,12.4,1.7,10.8,1.6,0.7,0.7,0.3
380,442,"Kibbeh, fried",254.0,14.9,15.8,12.3,0.0,4.6,5.0,5.0
381,443,Salami,398.0,25.8,30.6,2.9,0.0,9.6,12.1,4.7
382,444,"Bacon (pork fatback), raw",593.0,11.5,60.3,0.0,0.0,17.7,20.1,10.1
383,445,"Bacon (pork fatback), fried",697.0,27.3,64.3,0.0,0.0,20.0,26.2,14.6
384,446,"Dairy drink, peach",55.0,2.1,1.9,7.6,0.3,1.1,0.6,0.0
385,447,Cream (Creme de Leite),221.0,1.5,22.5,4.5,0.0,11.8,5.1,0.5
386,448,"Yogurt, plain",51.0,4.1,3.0,1.9,0.0,1.8,0.9,0.1
387,449,"Yogurt, plain, non-fat",41.0,3.8,0.3,5.8,0.0,0.2,0.1,0.0
388,45,"Corn, green, canned, drained",98.0,3.2,2.4,17.1,4.6,0.6,0.8,0.9
389,451,"Yogurt, strawberry flavor",70.0,2.7,2.3,9.7,0.2,1.4,0.7,0.1
390,452,"Yogurt, peach flavor",68.0,2.5,2.3,9.4,0.7,1.4,0.6,0.1
391,453,Condensed milk,313.0,7.7,6.7,57.0,0.0,4.2,1.7,0.2
392,454,Goat's milk,66.0,3.1,3.8,5.2,0.0,2.4,0.8,0.1
393,455,"Cow's milk, chocolate",83.0,2.1,2.2,14.2,0.6,1.1,0.6,0.1
394,456,"Cow's milk, non-fat, powder",362.0,34.7,0.9,53.0,0.0,0.6,0.2,0.0
395,458,"Cow's milk, whole",0.0,0.0,0.0,0.0,0.0,1.4,0.7,0.1
396,459,"Cow's milk, whole, powder",497.0,25.4,26.9,39.2,0.0,16.3,7.1,0.5
397,46,"Traditional porridge, powder",373.0,0.6,0.4,89.3,0.9,0.1,0.0,0.1
398,460,Fermented milk,70.0,1.9,0.1,15.7,0.0,0.0,0.0,0.0
399,461,"Cheese, minas, fresh",264.0,17.4,20.2,3.2,0.0,11.4,5.8,0.4
400,462,"Cheese, minas, semi-hard",321.0,21.2,24.6,3.6,0.0,13.2,5.6,0.3
401,463,"Cheese, mozzarella",330.0,22.6,25.2,3.0,0.0,14.2,6.0,0.5
402,464,"Cheese, parmesan",453.0,35.6,33.5,1.7,0.0,19.7,8.7,0.4
403,465,"Cheese, processed",303.0,9.4,27.4,5.7,0.0,15.9,7.3,0.4
404,466,"Cheese, petit suisse, strawberry",121.0,5.8,2.8,18.5,0.0,1.6,0.8,0.0
405,467,"Cheese, prato (similar to Monterey Jack)",360.0,22.7,29.1,1.9,0.0,16.3,6.8,0.5
406,468,"Cheese, requeijão, creamy",257.0,9.6,23.4,2.4,0.0,13.7,6.4,0.3
407,469,"Cheese, ricotta",140.0,12.6,8.1,3.8,0.0,4.5,2.4,0.2
408,47,"Pamonha, bar for cooking, pre-cooked",0.0,2.6,4.8,30.7,2.4,0.5,0.0,1.4
409,470,"Isotonic drink, assorted flavors",26.0,0.0,0.0,6.4,0.0,0.0,0.0,0.0
410,471,"Coffee, infusion 10%",9.0,0.7,0.1,1.5,0.0,0.0,0.0,0.0
411,473,Sugarcane juice,65.0,0.0,0.0,18.2,0.1,0.0,0.0,0.0
412,474,"Beer, pilsner 2",41.0,0.6,0.0,3.3,0.0,0.0,0.0,0.0
413,475,"Tea, fennel, infusion 5%",1.0,0.0,0.0,0.4,0.0,0.0,0.0,0.0
414,476,"Tea, mate, infusion 5%",3.0,0.0,0.1,0.6,0.0,0.0,0.0,0.0
415,477,"Tea, black, infusion 5%",2.0,0.0,0.0,0.6,0.0,0.0,0.0,0.0
416,478,Coconut water,22.0,0.0,0.0,5.3,0.1,0.0,0.0,0.0
417,479,"Soda, tonic water type",31.0,0.0,0.0,8.0,0.0,0.0,0.0,0.0
418,48,"Bread, oat, loaf",343.0,12.4,5.7,59.6,6.0,1.1,1.0,1.6
419,480,"Soda, cola type",34.0,0.0,0.0,8.7,0.0,0.0,0.0,0.0
420,481,"Soda, guaraná type",39.0,0.0,0.0,10.0,0.0,0.0,0.0,0.0
421,482,"Soda, orange type",46.0,0.0,0.0,11.8,0.0,0.0,0.0,0.0
422,483,"Soda, lemon type",40.0,0.0,0.0,10.3,0.0,0.0,0.0,0.0
423,484,"Omelet, cheese",268.0,15.6,22.0,0.4,0.0,6.4,7.0,6.2
424,485,"Quail egg, whole, raw",177.0,13.7,12.7,0.8,0.0,8.9,12.1,2.7
425,486,"Chicken egg, white, cooked/10 minutes",59.0,13.4,0.1,0.0,0.0,0.0,0.0,0.0
426,487,"Chicken egg, yolk, cooked/10 minutes",353.0,15.9,30.8,1.6,0.0,9.2,12.1,4.0
427,488,"Chicken egg, whole, cooked/10 minutes",146.0,13.3,9.5,0.6,0.0,2.9,3.8,1.1
428,489,"Chicken egg, whole, raw",143.0,13.0,8.9,1.6,0.0,2.6,3.6,1.2
429,49,"Bread, soy",309.0,11.3,3.6,56.5,5.7,0.7,0.6,1.6
430,490,"Chicken egg, whole, fried",240.0,15.6,18.6,1.2,0.0,4.1,5.7,4.9
431,491,"Chocolate drink mix, powder",401.0,4.2,2.2,91.2,3.9,1.1,0.6,0.3
432,492,"Sugar, crystal",387.0,0.3,0.0,99.6,0.0,0.0,0.0,0.0
433,493,"Sugar, brown",369.0,0.8,0.1,94.5,0.0,0.0,0.0,0.0
434,494,"Sugar, refined",387.0,0.3,0.0,99.5,0.0,0.0,0.0,0.0
435,495,"Chocolate, milk",540.0,7.2,30.3,59.6,2.2,17.5,10.0,0.9
436,496,"Chocolate, milk, with Brazil nuts",0.0,7.4,34.2,55.4,2.5,14.1,9.3,3.2
437,497,"Chocolate, milk, diet",557.0,6.9,33.8,56.3,2.8,19.2,11.4,1.5
438,498,"Chocolate, semi-sweet",475.0,4.9,29.9,62.4,4.9,13.1,8.1,1.0
439,499,"Cocada (coconut candy), white",449.0,1.1,13.6,81.4,3.6,8.4,0.4,0.1
440,5,"Rice, type 2, cooked",130.0,2.6,0.4,28.2,1.1,0.1,0.1,0.1
441,50,"Bread, gluten, loaf",253.0,12.0,2.7,44.1,2.5,0.5,0.6,0.7
442,500,"Sweet, pumpkin, creamy",199.0,0.9,0.2,54.6,2.3,0.0,0.0,0.0
443,501,"Sweet, milk (doce de leite), creamy",306.0,5.5,6.0,59.5,0.0,1.3,3.9,2.0
444,502,"Jelly, beef-hoof (mocotó), natural",106.0,2.1,0.1,24.2,0.0,0.0,0.0,0.0
445,503,Corn glucose,292.0,0.0,0.0,79.4,0.0,0.0,0.0,0.0
446,504,Maria mole (marshmallow-like dessert),301.0,3.8,0.2,73.6,0.7,0.0,0.0,0.0
447,505,"Maria mole, toasted coconut",307.0,3.9,0.1,75.1,0.6,0.0,0.0,0.0
448,506,Quince paste (Marmelada),257.0,0.4,0.1,70.8,4.1,0.0,0.0,0.0
449,507,"Honey, bee",309.0,0.0,0.0,84.0,0.0,0.0,0.0,0.0
450,508,Molasses,297.0,0.0,0.0,76.6,0.0,0.0,0.0,0.0
451,509,Quindim (coconut egg custard),411.0,4.7,24.4,46.3,3.2,11.3,4.8,4.7
452,51,"Bread, corn, loaf",292.0,8.3,3.1,56.4,4.3,0.6,0.6,1.0
453,510,Rapadura (unrefined cane sugar block),352.0,1.0,0.1,90.8,0.0,0.0,0.0,0.0
454,511,"Coffee, powder, roasted",419.0,14.7,11.9,65.8,51.2,5.3,1.1,4.9
455,512,"Cappuccino, powder",417.0,11.3,8.6,73.6,2.4,4.0,1.6,0.1
456,513,"Baking powder, chemical",90.0,0.5,0.1,43.9,0.0,0.0,0.0,0.0
457,514,"Yeast, biological, fresh, cake",90.0,17.0,1.5,7.7,4.2,0.0,0.0,0.0
458,515,"Gelatin, assorted flavors, powder",380.0,8.9,0.0,89.2,0.0,0.0,0.0,0.0
459,516,"Salt, dietetic",0.0,0.0,0.0,0.0,0.0,0.0,0.0,0.0
460,517,"Salt, coarse",0.0,0.0,0.0,0.0,0.0,0.0,0.0,0.0
461,518,Soy sauce (Shoyu),61.0,3.3,0.3,11.6,0.0,0.0,0.0,0.0
462,519,"Seasoning, salt-based",21.0,2.7,0.3,2.1,0.6,0.0,0.0,0.0
463,52,"Bread, wheat, loaf, whole",253.0,9.4,3.7,49.9,6.9,0.7,0.8,1.1
465,520,"Olive, black, preserved",194.0,1.2,20.3,5.5,4.6,0.0,0.0,0.0
466,521,"Olive, green, preserved",137.0,0.9,14.2,4.1,3.8,2.3,8.3,1.0
467,522,"Whipped cream, spray, with vegetable fat",315.0,0.5,27.3,16.9,0.0,25.9,0.1,0.1
468,523,Coconut milk,166.0,1.0,18.4,2.2,0.7,15.6,0.9,0.2
469,524,"Mayonnaise, traditional with eggs",302.0,0.6,30.5,7.9,0.0,4.1,6.4,15.4
470,525,Acarajé,289.0,8.3,19.9,19.1,9.4,9.1,7.8,2.1
471,526,Arroz carreteiro (Wagoner's rice),154.0,10.8,7.1,11.6,1.5,3.2,3.0,0.2
472,527,Baião de dois (rice and black-eyed peas),136.0,6.2,3.2,20.4,5.1,0.6,1.0,1.5
473,528,Barreado (slow-cooked beef stew),165.0,18.3,9.5,0.2,0.1,3.3,4.3,1.4
474,529,"Bife à cavalo (steak with fried egg), with sirloin",291.0,23.7,21.1,0.0,0.0,7.9,8.2,3.3
475,53,"Bread, wheat, French (pão francês)",300.0,8.0,3.1,58.6,2.3,1.0,0.9,0.7
476,530,Rice fritter,274.0,8.0,8.3,41.7,2.7,1.8,2.5,3.5
477,531,Shrimp à baiana (Bahian style shrimp),101.0,7.9,6.0,3.2,0.4,1.6,0.9,1.5
478,532,Stuffed cabbage roll,78.0,6.8,1.1,10.1,1.5,0.5,0.5,0.1
479,533,"Couscous, corn, cooked with salt",113.0,2.2,0.7,25.3,2.1,0.2,0.2,0.3
480,534,"Couscous, paulista (savory couscous mold)",142.0,2.6,4.6,22.5,2.4,1.8,1.8,0.8
481,535,Cuxá (sauce),80.0,5.6,3.6,5.7,3.0,0.6,1.3,1.5
482,536,Dobradinha (tripe stew),125.0,19.8,4.4,0.0,0.0,2.5,1.2,0.1
483,537,Beef stroganoff,173.0,15.0,10.8,3.0,0.0,5.3,3.3,0.9
484,538,Chicken stroganoff,157.0,17.6,8.0,2.6,0.0,3.7,2.2,1.0
485,539,Feijão tropeiro mineiro (Tropeiro beans),152.0,10.2,6.8,19.6,3.6,2.2,2.9,1.5
486,54,"Bread, wheat, soft loaf (sovado)",311.0,8.4,2.8,61.5,2.4,0.8,0.7,0.7
487,540,Feijoada (bean and pork stew),117.0,8.7,6.5,11.6,5.1,1.9,2.6,1.6
488,541,"Chicken, with saffron",113.0,9.7,6.2,4.1,0.2,1.6,2.5,1.8
489,542,"Pasta, bolognese sauce",120.0,4.9,0.9,22.5,0.8,0.3,0.3,0.3
490,543,Maniçoba (cassava leaf stew),134.0,10.0,8.7,3.4,2.2,2.9,3.7,1.7
491,544,Quibebe (pumpkin stew),86.0,8.6,2.7,6.6,1.7,1.0,1.1,0.2
492,545,"Salad, vegetable, with mayonnaise",96.0,1.1,7.0,8.9,2.2,1.1,1.8,3.8
493,546,"Salad, vegetable, steamed",35.0,2.0,0.3,7.1,2.5,0.1,0.0,0.2
494,547,Salpicão (chicken salad),148.0,13.9,7.8,4.6,0.4,1.3,2.1,4.0
495,548,Sarapatel (pork offal stew),123.0,18.5,4.4,1.1,0.0,1.4,1.1,0.7
496,549,Tabbouleh,57.0,2.0,1.2,10.6,2.1,0.2,0.8,0.2
497,55,"Pastel, meat, raw",289.0,10.7,8.8,42.0,1.0,3.7,2.9,1.1
498,550,Tacacá (shrimp and jambu soup),47.0,7.0,0.4,3.4,0.2,0.2,0.1,0.0
499,551,"Tapioca, with butter",348.0,0.1,10.9,63.6,0.0,6.0,3.0,0.2
500,552,"Tucupi (cassava broth), with chili pepper",27.0,2.1,0.3,4.7,0.2,0.1,0.1,0.0
501,553,Vaca atolada (beef and cassava stew),145.0,5.1,9.3,10.1,2.3,4.1,3.2,1.2
502,554,Vatapá (shrimp and palm oil paste),255.0,6.0,23.2,9.7,1.7,7.5,9.7,4.7
503,555,"Virado à paulista (bean, pork, and cassava flour dish)",307.0,10.2,25.6,14.1,2.2,8.3,10.6,5.1
504,556,Yakisoba,113.0,7.5,2.6,18.3,1.1,0.6,0.9,1.0
505,557,"Peanut, kernel, raw",544.0,27.2,43.9,20.3,8.0,8.7,17.2,16.2
506,558,"Peanut, roasted, salted",606.0,22.5,54.0,18.7,7.8,9.7,29.1,14.2
507,559,"Pea, in pod",88.0,7.5,0.5,14.2,9.7,0.0,0.0,0.0
508,56,"Pastel, meat, fried",388.0,10.1,20.1,43.8,1.0,4.8,5.9,7.6
509,560,"Pea, canned, drained",74.0,4.6,0.4,13.4,5.1,0.1,0.1,0.2
510,561,"Bean, carioca, cooked",76.0,4.8,0.5,13.6,8.5,0.1,0.1,0.3
511,562,"Bean, carioca, raw",329.0,20.0,1.3,61.2,18.4,0.2,0.1,0.9
512,563,"Bean, fradinho (black-eyed pea), cooked",78.0,5.1,0.6,13.5,7.5,0.2,0.1,0.3
513,564,"Bean, fradinho (black-eyed pea), raw",339.0,20.2,2.4,61.2,23.6,0.7,0.2,0.9
514,565,"Bean, jalo, cooked",93.0,6.1,0.5,16.5,13.9,0.1,0.1,0.3
515,566,"Bean, jalo, raw",328.0,20.1,0.9,61.5,30.3,0.3,0.2,0.6
516,567,"Bean, black, cooked",77.0,4.5,0.5,14.0,8.4,0.1,0.1,0.3
517,568,"Bean, black, raw",324.0,21.3,1.2,58.8,21.8,0.2,0.1,0.8
518,569,"Bean, pinto, cooked",85.0,5.5,0.4,15.3,9.3,0.1,0.0,0.2
519,57,"Pastel, cheese, raw",308.0,9.9,9.6,45.9,1.1,0.0,0.0,0.0
520,570,"Bean, pinto, raw",326.0,17.3,1.2,62.9,24.0,0.4,0.1,0.8
521,571,"Bean, rosinha (pink), cooked",68.0,4.5,0.5,11.8,4.8,0.2,0.0,0.2
522,572,"Bean, rosinha (pink), raw",337.0,20.9,1.3,62.2,20.6,0.6,0.1,0.7
523,573,"Bean, roxo (purple), cooked",77.0,5.7,0.5,12.9,11.5,0.1,0.1,0.3
524,574,"Bean, roxo (purple), raw",331.0,22.2,1.2,60.0,33.8,0.3,0.2,0.8
525,575,"Chickpea, raw",355.0,21.2,5.4,57.9,12.4,0.9,1.4,2.8
526,576,"Pigeon pea, raw",344.0,19.0,2.1,64.0,21.3,0.6,0.2,0.9
527,577,"Lentil, cooked",93.0,6.3,0.5,16.3,7.9,0.1,0.1,0.3
528,578,"Lentil, raw",339.0,23.2,0.8,62.0,16.9,0.1,0.2,0.4
529,579,Paçoca (peanut candy),487.0,16.0,26.1,52.4,7.3,4.1,10.0,7.3
530,58,"Pastel, cheese, fried",422.0,8.7,22.7,48.1,0.9,0.0,0.0,0.0
531,580,Pé-de-moleque (peanut brittle),503.0,13.2,28.0,54.7,3.4,5.1,14.4,8.3
532,581,"Soy, flour",404.0,36.0,14.6,38.4,20.2,0.0,0.0,0.0
533,582,"Soy, soluble extract, natural, fluid",39.0,2.4,1.6,4.3,0.4,0.2,0.3,0.6
534,583,"Soy, soluble extract, powder",459.0,35.7,26.2,28.5,7.3,3.3,6.4,12.9
535,584,"Soy, cheese (tofu)",64.0,6.6,4.0,2.1,0.8,0.4,0.5,1.7
536,585,"Lupin bean, raw",381.0,33.6,10.3,43.8,32.3,1.2,5.4,1.7
537,586,"Lupin bean, in brine",121.0,11.1,3.8,12.4,14.4,0.4,1.9,0.6
538,587,"Almond, roasted, salted",581.0,18.6,47.3,29.5,11.6,4.8,32.3,16.2
539,588,"Cashew nut, roasted, salted",570.0,18.5,46.3,29.1,3.7,7.7,26.5,8.1
540,589,"Brazil nut, raw",643.0,14.5,63.5,15.1,7.9,15.3,27.4,21.0
541,59,"Pastel, dough, raw",310.0,6.9,5.5,57.4,1.4,2.1,1.7,0.9
542,590,"Coconut, raw",406.0,3.7,42.0,10.4,5.4,30.0,1.5,0.3
543,591,"Coconut, green, raw",0.0,0.0,0.0,0.0,0.0,3.1,1.1,0.3
544,592,"Flour, babassu mesocarp, raw",329.0,1.4,0.2,79.2,17.9,0.0,0.0,0.0
545,593,"Sesame, seed",584.0,21.2,50.4,21.6,11.9,7.8,19.9,22.5
546,594,"Flaxseed, seed",495.0,14.1,32.3,43.3,33.5,4.2,7.1,25.3
547,595,"Pine nut, cooked",174.0,3.0,0.7,43.9,15.6,0.3,0.1,0.2
548,596,"Pupunha (peach palm fruit), cooked",219.0,2.5,12.8,29.6,4.3,3.1,6.8,0.4
549,597,"Walnut, raw",620.0,14.0,59.4,18.4,7.2,5.6,8.7,44.1
550,6,"Rice, type 2, raw",358.0,7.2,0.3,78.9,1.7,0.1,0.1,0.1
551,60,"Pastel, dough, fried",570.0,6.0,40.9,49.3,1.3,6.9,10.1,21.2
552,61,"Popcorn, with soybean oil, without salt",448.0,9.9,15.9,70.3,14.3,2.4,3.7,9.2
553,62,"Polenta, pre-cooked",103.0,2.3,0.3,23.3,2.4,0.0,0.0,0.0
554,63,"Toast, French bread",377.0,10.5,3.3,74.6,3.4,0.9,0.8,1.0
555,64,"Squash, kabocha, cooked",48.0,1.4,0.7,10.8,2.5,0.1,0.2,0.2
556,65,"Squash, kabocha, raw",39.0,1.7,0.5,8.4,2.2,0.1,0.1,0.0
557,66,"Squash, 'menina brasileira', raw",14.0,0.6,0.0,3.3,1.2,0.0,0.0,0.0
558,67,"Squash, moranga (pumpkin), raw",12.0,1.0,0.1,2.7,1.7,0.0,0.0,0.0
559,68,"Squash, moranga (pumpkin), sautéed",29.0,0.4,0.8,6.0,1.5,0.1,0.2,0.4
560,69,"Squash, 'pescoço' (neck), raw",24.0,0.7,0.1,6.1,2.3,0.0,0.0,0.0
561,7,"Oats, rolled, raw",394.0,13.9,8.5,66.6,9.1,1.5,3.2,3.0
562,70,"Zucchini, Italian, cooked",15.0,1.1,0.2,3.0,1.6,0.1,0.0,0.1
563,71,"Zucchini, Italian, raw",19.0,1.1,0.1,4.3,1.4,0.0,0.0,0.0
564,72,"Zucchini, Italian, sautéed",24.0,1.1,0.8,4.2,1.4,0.1,0.2,0.5
565,73,"Zucchini, 'paulista', raw",31.0,0.6,0.1,7.9,2.6,0.0,0.0,0.0
566,74,"Chard, raw",21.0,1.4,0.1,4.6,1.1,0.0,0.0,0.0
567,75,"Watercress, raw",17.0,2.7,0.2,2.3,2.1,0.0,0.0,0.0
568,76,"Celery, raw",19.0,0.8,0.1,4.3,1.0,0.0,0.0,0.0
569,77,"Lettuce, iceberg, raw",9.0,0.6,0.1,1.7,1.0,0.0,0.0,0.0
570,78,"Lettuce, leaf, raw",11.0,1.3,0.2,1.7,1.8,0.0,0.0,0.0
571,79,"Lettuce, butter, raw",14.0,1.7,0.1,2.4,2.3,0.0,0.0,0.0
572,8,"Cookie, sweet, cornstarch (maisena)",443.0,8.1,12.0,75.2,2.1,3.9,3.7,2.2
573,80,"Lettuce, red, raw",13.0,0.9,0.2,2.5,2.0,0.0,0.0,0.0
574,81,"Clove basil (Alfavaca), raw",29.0,2.7,0.5,5.2,4.1,0.1,0.0,0.2
575,82,"Garlic, raw",113.0,7.0,0.2,23.9,4.3,0.0,0.0,0.0
576,83,"Leek, raw",32.0,1.4,0.1,6.9,2.5,0.0,0.0,0.0
577,84,"Chicory (Almeirão), raw",18.0,1.8,0.2,3.3,2.6,0.0,0.0,0.0
578,85,"Chicory (Almeirão), sautéed",65.0,1.7,4.8,5.7,3.4,0.8,1.1,2.6
579,86,"Arracacha (Batata baroa), cooked",80.0,0.9,0.2,18.9,1.8,0.0,0.0,0.0
580,87,"Arracacha (Batata baroa), raw",101.0,1.0,0.2,24.0,2.1,0.0,0.0,0.0
581,88,"Sweet potato, cooked",77.0,0.6,0.1,18.4,2.2,0.0,0.0,0.0
582,89,"Sweet potato, raw",118.0,1.3,0.1,28.2,2.6,0.0,0.0,0.0
583,9,"Cookie, sweet, chocolate filled",472.0,6.4,19.6,70.5,3.0,6.2,6.6,1.7
584,90,"Potato chips, fried, industrialized",543.0,5.6,36.6,51.2,2.5,12.9,11.9,4.0
585,91,"Potato, English, cooked",52.0,1.2,0.0,11.9,1.3,0.0,0.0,0.0
586,92,"Potato, English, raw",64.0,1.8,0.0,14.7,1.2,0.0,0.0,0.0
587,93,"Potato, English, fried",267.0,5.0,13.1,35.6,8.1,2.1,3.4,6.6
588,94,"Potato, English, sautéed",68.0,1.3,0.9,14.1,1.4,0.3,0.2,0.4
589,95,"Eggplant, cooked",19.0,0.7,0.1,4.5,2.5,0.0,0.0,0.0
590,96,"Eggplant, raw",20.0,1.2,0.1,4.4,2.9,0.0,0.0,0.0
591,97,"Beetroot, cooked",32.0,1.3,0.1,7.2,1.9,0.0,0.0,0.0
592,98,"Beetroot, raw",49.0,1.9,0.1,11.1,3.4,0.0,0.0,0.0
593,99,"Cookie, sweet cassava starch (polvilho)",438.0,1.3,12.2,80.5,1.2,2.4,4.3,0.6
594,345,"Beef, sirloin, lean, raw",157.0,24.0,6.0,0.0,0.0,0.0,0.0,0.0
