id,Food Description,Humidity (%),Energy (kcal),Energy (kJ),Protein (g),Lipids (g),Cholesterol (mg),Carbohydrate (g),Dietary Fiber (g),Ashes (g),Calcium (mg),Magnesium (mg),Manganese (mg),Phosphorus (mg),Iron (mg),Sodium (mg),Potassium (mg),Copper (mg),Zinc (mg),Retinol (µg),RE (µg),RAE (µg),Thiamine (mg),Riboflavin (mg),Pyridoxine (mg),Niacin (mg),Vitamin C (mg),Saturated (g),Mono-unsaturated* (g),Poly-unsaturated* (g)
0,1,"Arroz, integral, cozido",70.1,124.0,517.0,2.6,1.0,,25.8,2.7,0.5,5.0,59.0,0.63,106.0,0.3,1.0,75.0,0.02,0.7,,,,0.08,,0.08,,,0.3,0.4,0.3
1,10,"Biscoito, doce, recheado com morango",2.7,471.0,1971.0,5.7,19.6,,71.0,1.5,1.0,36.0,27.0,0.66,138.0,1.5,230.0,113.0,0.13,0.7,,,,0.9,0.42,0.21,1.5,,6.1,6.5,1.7
2,100,"Brócolis, cozido",92.6,25.0,103.0,2.1,0.5,,4.4,3.4,0.4,51.0,15.0,0.12,33.0,0.5,2.0,119.0,0.08,0.2,,,,0.04,0.03,,,42.0,0.1,,0.2
3,101,"Brócolis, cru",91.2,25.0,107.0,3.6,0.3,,4.0,2.9,0.8,86.0,30.0,0.26,78.0,0.6,3.0,322.0,0.06,0.5,,279.0,140.0,0.12,0.18,0.08,1.39,34.3,0.1,0.1,0.2
4,102,"Cará, cozido",78.9,78.0,325.0,1.5,0.1,,18.9,2.6,0.6,5.0,15.0,0.02,28.0,0.3,1.0,203.0,0.11,0.2,,,,0.12,,0.12,,,,,
5,103,"Cará, cru",73.7,96.0,400.0,2.3,0.1,,23.0,7.3,0.9,4.0,11.0,0.01,35.0,0.2,,212.0,0.06,0.2,,,,0.11,,0.02,,8.8,,,
6,104,"Caruru, cru",87.6,34.0,142.0,3.2,0.6,,6.0,4.5,2.6,455.0,197.0,0.89,77.0,4.5,14.0,279.0,0.37,6.0,,,,,0.1,0.11,,5.4,0.1,,0.3
7,105,"Catalonha, crua",91.8,24.0,100.0,1.9,0.3,,4.8,2.0,1.3,57.0,17.0,0.34,32.0,3.1,9.0,412.0,0.27,0.5,,,,,0.03,0.36,1.54,7.3,0.1,,0.1
8,106,"Catalonha, refogada",87.4,63.0,265.0,2.0,4.8,,4.8,3.7,1.0,63.0,16.0,0.64,35.0,1.2,25.0,452.0,0.18,0.4,,850.0,425.0,0.04,,0.03,0.6,,0.7,1.1,3.0
9,107,"Cebola, crua",88.9,39.0,165.0,1.7,0.1,,8.9,2.2,0.4,14.0,12.0,0.13,38.0,0.2,1.0,176.0,0.05,0.2,,,,0.04,,0.14,,4.7,,,
10,108,"Cebolinha, crua",93.9,20.0,82.0,1.9,0.4,,3.4,3.6,0.5,80.0,25.0,0.13,27.0,0.6,2.0,206.0,0.04,0.3,,134.0,67.0,0.03,0.04,0.08,,31.8,,,
11,109,"Cenoura, cozida",91.7,30.0,125.0,0.8,0.2,,6.7,2.6,0.6,26.0,14.0,0.05,27.0,0.1,8.0,176.0,0.02,0.2,,,,0.07,,0.06,2.68,,,,
12,11,"Biscoito, doce, wafer, recheado de chocolate",1.2,502.0,2102.0,5.6,24.7,,67.5,1.8,1.1,23.0,48.0,0.44,124.0,2.4,137.0,240.0,0.26,0.9,,,,0.37,0.03,0.3,1.12,,6.5,8.1,1.9
13,110,"Cenoura, crua",90.1,34.0,143.0,1.3,0.2,,7.7,3.2,0.9,23.0,11.0,0.05,28.0,0.2,3.0,315.0,0.05,0.2,,,,,,0.05,,5.1,,,
14,111,"Chicória, crua",95.1,14.0,58.0,1.1,0.1,,2.9,2.2,0.8,45.0,14.0,0.13,13.0,0.5,14.0,425.0,0.04,0.1,,,,0.03,0.1,,0.68,6.5,,,
15,112,"Chuchu, cozido",94.6,19.0,78.0,0.4,,,4.8,1.0,0.2,8.0,7.0,0.07,13.0,0.1,2.0,54.0,,0.1,,,,0.03,,,,5.6,,,
16,113,"Chuchu, cru",94.8,17.0,71.0,0.7,0.1,,4.1,1.3,0.3,12.0,7.0,0.08,18.0,0.2,,126.0,0.03,0.1,,,,,,,,10.6,,,
17,114,"Coentro, folhas desidratadas",10.6,309.0,1293.0,20.9,10.4,,48.0,37.3,10.2,784.0,393.0,10.48,388.0,81.4,18.0,3223.0,4.09,4.7,,,,0.1,0.11,0.09,,40.8,,,
18,115,"Couve, manteiga, crua",90.9,27.0,113.0,2.9,0.5,,4.3,3.1,1.3,131.0,35.0,1.02,49.0,0.5,6.0,403.0,0.06,0.4,,,,0.2,0.31,0.06,2.29,96.7,0.1,,0.1
19,116,"Couve, manteiga, refogada",81.5,90.0,378.0,1.7,6.6,,8.7,5.7,1.5,177.0,26.0,0.12,33.0,0.5,11.0,315.0,0.02,0.2,,,,,0.05,0.07,,76.9,1.0,1.6,3.6
20,117,"Couve-flor, crua",92.8,23.0,94.0,1.9,0.2,,4.5,2.4,0.6,18.0,12.0,0.16,57.0,0.5,3.0,256.0,0.03,0.3,,2.0,1.0,0.03,0.09,0.1,,36.1,,,
21,118,"Couve-flor, cozida",94.3,19.0,80.0,1.2,0.3,,3.9,2.1,0.3,16.0,5.0,0.1,25.0,0.1,2.0,80.0,,0.3,,,,0.04,,,,23.7,0.1,,0.1
22,119,"Espinafre, Nova Zelândia, cru",94.0,16.0,67.0,2.0,0.2,,2.6,2.1,1.2,98.0,82.0,0.71,25.0,0.4,17.0,336.0,0.06,0.3,,,,0.1,0.21,0.06,,2.4,,,
23,12,"Biscoito, doce, wafer, recheado de morango",1.2,513.0,2148.0,4.5,26.4,1.0,67.4,0.8,0.6,14.0,19.0,0.28,73.0,1.1,120.0,75.0,0.08,0.5,,,,0.36,,0.94,0.37,,6.7,8.9,1.8
24,120,"Espinafre, Nova Zelândia, refogado",86.6,67.0,281.0,2.7,5.4,,4.2,2.5,1.0,112.0,123.0,0.61,34.0,0.6,47.0,149.0,0.04,0.6,,624.0,312.0,0.08,0.13,0.13,,5.3,0.9,1.3,2.9
25,121,"Farinha, de mandioca, crua",9.4,361.0,1510.0,1.6,0.3,,87.9,6.4,0.9,65.0,37.0,,,,,,,,,,,,,,,,0.1,0.1,
26,122,"Farinha, de mandioca, torrada",8.3,365.0,1528.0,1.2,0.3,,89.2,6.5,1.0,76.0,40.0,0.37,39.0,1.2,10.0,328.0,,0.4,,,,,,0.81,,,0.1,0.1,
27,123,"Farinha, de puba",9.8,360.0,1507.0,1.6,0.5,,87.3,4.2,0.8,41.0,27.0,0.16,33.0,1.4,4.0,338.0,0.07,0.3,,,,0.09,,,,,0.2,0.2,
28,124,"Fécula, de mandioca",17.8,331.0,1384.0,0.5,0.3,,81.1,0.6,0.3,12.0,3.0,,,,,,,,,,,,,,,,,,
29,125,"Feijão, broto, cru",87.5,39.0,162.0,4.2,0.1,,7.8,2.0,0.5,14.0,25.0,0.19,75.0,0.8,2.0,189.0,0.17,0.6,,,,,0.04,0.15,,12.0,,,
30,126,"Inhame, cru",73.3,97.0,405.0,2.1,0.2,,23.2,1.7,1.2,12.0,29.0,0.15,65.0,0.4,,568.0,0.17,0.3,,,,0.08,,0.11,,5.6,0.1,,0.1
31,127,"Jiló, cru",91.6,27.0,114.0,1.4,0.2,,6.2,4.8,0.6,20.0,21.0,0.14,29.0,0.3,,213.0,0.07,0.1,,13.0,6.0,0.07,0.04,,,6.8,0.1,0.1,0.2
32,128,"Jurubeba, crua",66.6,126.0,526.0,4.4,3.9,,23.1,23.9,2.0,151.0,65.0,0.52,155.0,0.9,1.0,619.0,1.16,0.6,,,,0.13,0.02,0.2,,13.8,0.5,0.5,2.1
33,129,"Mandioca, cozida",68.7,125.0,524.0,0.6,0.3,,30.1,1.6,0.4,19.0,27.0,0.06,22.0,0.1,1.0,100.0,0.01,0.2,,,,0.06,,0.03,,11.1,0.1,0.1,0.1
34,13,"Biscoito, salgado, cream cracker",4.1,432.0,1806.0,10.1,14.4,,68.7,2.5,2.7,20.0,40.0,0.69,148.0,2.2,854.0,181.0,0.18,1.1,,,,0.71,0.13,0.17,7.14,,4.4,4.6,2.9
35,130,"Mandioca, crua",61.8,151.0,634.0,1.1,0.3,,36.2,1.9,0.6,15.0,44.0,0.05,29.0,0.3,2.0,208.0,0.07,0.2,,,,,,0.04,,16.5,0.1,0.1,
36,131,"Mandioca, farofa, temperada",6.4,406.0,1697.0,2.1,9.1,,80.3,7.8,2.1,66.0,34.0,0.29,45.0,1.4,575.0,201.0,,0.2,,,,0.1,,0.15,,,1.9,2.4,2.5
37,132,"Mandioca, frita",36.6,300.0,1255.0,1.4,11.2,,50.3,1.9,0.6,23.0,95.0,0.18,57.0,0.3,9.0,176.0,0.12,0.4,,,,0.05,,0.04,,,1.7,2.8,6.2
38,133,"Manjericão, cru",93.0,21.0,88.0,2.0,0.4,,3.6,3.3,1.0,211.0,58.0,0.17,40.0,1.0,4.0,252.0,0.16,0.5,,1035.0,517.0,0.06,0.21,0.06,0.9,2.3,0.1,,0.3
39,134,"Maxixe, cru",95.1,14.0,58.0,1.4,0.1,,2.7,2.2,0.7,21.0,10.0,0.07,25.0,0.4,11.0,328.0,0.02,0.2,,6.0,3.0,0.06,0.02,0.04,,9.6,,,
40,135,"Mostarda, folha, crua",93.4,18.0,76.0,2.1,0.2,,3.2,1.9,1.1,68.0,16.0,0.14,58.0,1.1,3.0,364.0,0.05,0.3,,,,0.05,0.04,0.05,,38.6,,,
41,136,"Nhoque, batata, cozido",55.0,181.0,756.0,5.9,1.9,15.0,36.8,1.8,0.5,11.0,18.0,0.3,68.0,1.6,7.0,164.0,0.1,0.5,15.0,,,0.08,,0.04,,,0.6,0.5,0.8
42,137,"Nabo, cru",93.8,18.0,76.0,1.2,0.1,,4.1,2.6,0.8,42.0,15.0,4.42,17.0,0.2,2.0,280.0,0.02,0.2,,,,0.07,,0.03,,9.6,,,
43,138,"Palmito, juçara, em conserva",91.4,23.0,97.0,1.8,0.4,,4.3,3.2,2.1,58.0,34.0,10.82,40.0,0.3,514.0,244.0,0.23,0.7,,,,0.06,0.04,,,2.0,0.1,,0.1
44,139,"Palmito, pupunha, em conserva",89.4,29.0,123.0,2.5,0.5,,5.5,2.6,2.1,32.0,25.0,0.14,55.0,0.2,563.0,206.0,0.08,0.4,,,,0.03,,,,8.7,,,
45,14,"Bolo, mistura para",1.0,419.0,1752.0,6.2,6.1,,84.7,1.7,2.0,59.0,28.0,0.46,333.0,1.2,463.0,75.0,0.15,0.6,,,,0.18,,1.5,1.52,,2.1,1.9,0.8
46,140,"Pão, de queijo, assado",33.7,363.0,1519.0,5.1,24.6,68.0,34.2,0.6,2.3,102.0,8.0,0.03,94.0,0.3,773.0,93.0,0.01,0.6,61.0,,,0.04,0.1,0.04,,,,,
47,141,"Pão, de queijo, cru",41.8,295.0,1232.0,3.6,14.0,63.0,38.5,1.0,2.0,88.0,7.0,,,,,,,,,,,,,,,,3.4,3.0,4.1
48,142,"Pepino, cru",96.8,10.0,40.0,0.9,,,2.0,1.1,0.3,10.0,9.0,0.08,12.0,0.1,,154.0,0.04,0.1,,4.0,2.0,,0.03,,,5.0,,,
49,143,"Pimentão, amarelo, cru",91.9,28.0,117.0,1.2,0.4,,6.0,1.9,0.5,10.0,11.0,0.08,22.0,0.4,,221.0,0.04,0.2,,,,0.04,0.03,0.06,,201.4,,,
50,144,"Pimentão, verde, cru",93.5,21.0,89.0,1.1,0.2,,4.9,2.6,0.4,9.0,8.0,0.14,17.0,0.4,,174.0,0.07,0.1,,,,,,,,100.2,,,
51,145,"Pimentão, vermelho, cru",92.9,23.0,97.0,1.0,0.1,,5.5,1.6,0.4,6.0,11.0,0.06,20.0,0.3,,211.0,0.04,0.2,,,,0.05,0.06,0.02,,158.2,,,
52,146,"Polvilho, doce",12.6,351.0,1470.0,0.4,,,86.8,0.2,0.2,27.0,4.0,0.09,8.0,0.5,2.0,38.0,,,,,,,,,,,,,
53,147,"Quiabo, cru",90.6,30.0,125.0,1.9,0.3,,6.4,4.6,0.8,112.0,50.0,0.46,56.0,0.4,1.0,249.0,0.17,0.6,,49.0,25.0,0.1,,0.03,,5.6,,,
54,148,"Rabanete, cru",95.1,14.0,57.0,1.4,0.1,,2.7,2.2,0.7,21.0,10.0,0.07,25.0,0.4,11.0,328.0,0.02,0.2,,,,0.06,0.02,0.04,,9.6,,,
55,149,"Repolho, branco, cru",94.7,17.0,72.0,0.9,0.1,,3.9,1.9,0.4,35.0,9.0,0.13,14.0,0.2,4.0,150.0,0.02,0.2,,,,,0.03,0.06,,18.7,,,
56,15,"Bolo, pronto, aipim",34.1,324.0,1355.0,4.4,12.7,73.0,47.9,0.7,0.8,85.0,10.0,0.11,122.0,0.5,111.0,135.0,0.05,0.4,,,,0.13,0.07,,,,5.0,3.9,1.1
57,150,"Repolho, roxo, cru",90.1,31.0,129.0,1.9,0.1,,7.2,2.0,0.7,44.0,18.0,0.25,58.0,0.5,2.0,328.0,0.9,0.3,,,,0.07,,0.09,,43.2,,,
58,151,"Repolho, roxo, refogado",88.7,42.0,175.0,1.8,1.2,,7.6,1.8,0.7,43.0,17.0,0.26,59.0,0.5,3.0,321.0,0.02,0.3,,,,0.07,,0.07,0.63,40.5,0.2,0.3,0.7
59,152,"Rúcula, crua",94.8,13.0,55.0,1.8,0.1,,2.2,1.7,1.1,117.0,18.0,0.24,25.0,0.9,9.0,233.0,0.04,0.2,,533.0,266.0,0.04,,,0.35,46.3,,,
60,153,"Salsa, crua",88.7,33.0,140.0,3.3,0.6,,5.7,1.9,1.8,179.0,21.0,1.88,49.0,3.2,2.0,711.0,0.2,1.3,,1743.0,872.0,0.12,0.15,0.47,0.72,51.7,0.1,,0.2
61,154,"Seleta de legumes, enlatada",82.1,57.0,237.0,3.4,0.4,,12.7,3.1,1.4,16.0,16.0,0.13,49.0,1.1,398.0,122.0,0.08,0.5,,244.0,122.0,0.03,,,3.72,,0.1,0.2,0.2
62,155,"Serralha, crua",90.2,30.0,127.0,2.7,0.7,,4.9,3.5,1.4,126.0,30.0,0.23,48.0,1.3,19.0,265.0,0.2,1.3,,,,,0.11,0.08,,1.5,0.1,0.1,0.3
63,156,"Taioba, crua",89.2,34.0,143.0,2.9,0.9,,5.4,4.5,1.5,141.0,38.0,0.66,53.0,1.9,1.0,290.0,0.16,0.6,,,,,0.1,0.1,,17.9,0.2,0.1,0.4
64,157,"Tomate, com semente, cru",95.1,15.0,64.0,1.1,0.2,,3.1,1.2,0.5,7.0,11.0,0.07,20.0,0.2,1.0,222.0,0.04,0.1,,,,0.12,,0.02,,21.2,,,
65,158,"Tomate, extrato",79.7,61.0,255.0,2.4,0.2,,15.0,2.8,2.8,29.0,29.0,0.18,47.0,2.1,498.0,680.0,0.2,0.4,,,,,,0.11,,18.0,,,
66,159,"Tomate, molho industrializado",88.1,38.0,161.0,1.4,0.9,,7.7,3.1,1.9,12.0,17.0,0.08,27.0,1.6,418.0,388.0,0.08,0.1,,,,,,0.06,,2.7,0.1,0.1,0.2
67,16,"Bolo, pronto, chocolate",19.3,410.0,1715.0,6.2,18.5,77.0,54.7,1.4,1.3,75.0,28.0,0.38,197.0,2.1,283.0,212.0,0.05,0.7,,,,0.13,0.09,0.05,,,5.5,6.2,3.0
68,160,"Tomate, purê",90.8,28.0,117.0,1.4,,,6.9,1.0,1.0,13.0,15.0,,,,,,,,,,,,,,,,,,
69,161,"Tomate, salada",93.6,21.0,86.0,0.8,,,5.1,2.3,0.4,7.0,10.0,0.04,23.0,0.3,5.0,161.0,0.07,0.2,,,,0.06,0.04,0.05,,12.8,,,
70,162,"Vagem, crua",92.2,25.0,104.0,1.8,0.2,,5.3,2.4,0.5,41.0,18.0,0.5,28.0,0.4,,208.0,0.06,0.3,,32.0,16.0,,0.08,,,1.2,,,
71,163,"Abacate, cru",83.8,96.0,402.0,1.2,8.4,,6.0,6.3,0.5,8.0,15.0,0.17,22.0,0.2,,206.0,0.15,0.2,,,,,0.04,,,8.7,2.3,4.3,1.4
72,164,"Abacaxi, cru",86.3,48.0,202.0,0.9,0.1,,12.3,1.0,0.4,22.0,18.0,1.62,13.0,0.3,,131.0,0.11,0.1,,,,0.17,0.02,,,34.6,,,
73,165,"Abacaxi, polpa, congelada",91.3,31.0,128.0,0.5,0.1,,7.8,0.3,0.3,14.0,10.0,1.02,8.0,0.4,1.0,107.0,0.04,0.1,,2.0,1.0,0.05,,,,1.2,,,
74,166,"Abiu, cru",83.1,62.0,261.0,0.8,0.7,,14.9,1.7,0.4,6.0,9.0,0.08,20.0,0.2,,128.0,0.09,0.1,,,,,0.04,0.05,,10.3,0.3,0.1,0.1
75,167,"Açaí, polpa, com xarope de guaraná e glucose",73.9,110.0,461.0,0.7,3.7,,21.5,1.7,0.3,22.0,13.0,3.29,11.0,0.3,15.0,75.0,0.14,0.2,,,,,,0.07,,10.3,,,
76,168,"Açaí, polpa, congelada",88.7,58.0,243.0,0.8,3.9,,6.2,2.6,0.3,35.0,17.0,6.16,16.0,0.4,5.0,124.0,0.18,0.3,,,,,0.04,0.07,,,0.7,2.0,0.4
77,169,"Acerola, crua",90.5,33.0,140.0,0.9,0.2,,8.0,1.5,0.4,13.0,13.0,0.07,9.0,0.2,,165.0,0.07,0.1,,,,,0.04,,1.38,941.4,,,
78,17,"Bolo, pronto, coco",29.3,333.0,1395.0,5.7,11.3,63.0,52.3,1.1,1.4,57.0,16.0,0.4,303.0,0.8,190.0,143.0,0.09,0.7,,,,0.15,0.06,,,,4.9,3.0,1.8
79,170,"Acerola, polpa, congelada",93.6,22.0,92.0,0.6,,,5.5,0.7,0.3,8.0,9.0,0.03,13.0,0.2,1.0,112.0,0.04,0.1,,,,,0.1,,,623.2,,,
80,171,"Ameixa, calda, enlatada",52.2,183.0,765.0,0.4,,,46.9,0.5,0.5,13.0,10.0,0.1,21.0,2.2,3.0,221.0,0.03,0.1,,,,,0.23,0.37,,4.3,,,
81,172,"Ameixa, crua",84.8,53.0,220.0,0.8,,,13.9,2.4,0.6,6.0,5.0,0.03,14.0,0.1,,134.0,0.06,0.1,,27.0,14.0,0.07,,0.03,,7.6,,,
82,173,"Ameixa, em calda, enlatada, drenada",50.3,177.0,742.0,1.0,0.3,,47.7,4.5,0.7,39.0,14.0,0.2,26.0,2.7,3.0,263.0,0.16,0.2,,,,,0.22,0.08,,5.2,0.1,,0.1
83,174,"Atemóia, crua",72.7,97.0,406.0,1.0,0.3,,25.3,2.1,0.7,23.0,25.0,0.16,23.0,0.2,1.0,300.0,0.17,0.2,,,,0.09,0.07,0.07,1.58,10.1,0.1,,0.1
84,175,"Banana, da terra, crua",63.9,128.0,536.0,1.4,0.2,,33.7,1.5,0.8,4.0,24.0,0.16,26.0,0.3,,328.0,0.05,0.2,,239.0,119.0,0.03,0.02,0.14,,15.7,,,
85,176,"Banana, doce em barra",21.1,280.0,1172.0,2.2,0.1,,75.7,3.8,1.0,12.0,49.0,0.84,37.0,0.6,10.0,518.0,0.16,0.3,,27.0,14.0,0.03,,0.06,1.41,,,,
86,177,"Banana, figo, crua",70.1,105.0,440.0,1.1,0.1,,27.8,2.8,0.8,6.0,30.0,0.21,16.0,0.2,,387.0,0.06,0.1,,,,0.09,,0.03,,17.5,,,
87,178,"Banana, maçã, crua",75.2,87.0,363.0,1.8,0.1,,22.3,2.6,0.6,3.0,24.0,0.6,29.0,0.2,,264.0,0.11,0.1,,6.0,3.0,,,0.14,,10.5,,,
88,179,"Banana, nanica, crua",73.8,92.0,383.0,1.4,0.1,,23.8,1.9,0.8,3.0,28.0,0.14,27.0,0.3,,376.0,0.1,0.2,,14.0,7.0,,0.02,0.14,,5.9,,,
89,18,"Bolo, pronto, milho",36.7,311.0,1303.0,4.8,12.4,82.0,45.1,0.7,1.0,83.0,10.0,0.11,128.0,0.7,134.0,118.0,0.04,0.4,57.0,,,0.11,0.05,,,,4.5,3.9,1.5
90,180,"Banana, ouro, crua",68.2,112.0,470.0,1.5,0.2,,29.3,2.0,0.8,3.0,28.0,0.09,22.0,0.3,,355.0,0.08,0.3,,50.0,25.0,,,0.14,,7.6,,,
91,181,"Banana, pacova, crua",77.7,78.0,326.0,1.2,0.1,,20.3,2.0,0.7,5.0,30.0,0.41,20.0,0.4,1.0,267.0,0.06,0.1,,,,0.05,0.03,0.17,,,,,
92,182,"Banana, prata, crua",71.9,98.0,411.0,1.3,0.1,,26.0,2.0,0.8,8.0,26.0,0.42,22.0,0.4,,358.0,0.05,0.1,,32.0,16.0,,0.02,0.1,,21.6,,,
93,183,"Cacau, cru",79.2,74.0,311.0,1.0,0.1,,19.4,2.2,0.3,12.0,25.0,0.04,9.0,0.3,1.0,72.0,0.15,0.6,,,,0.25,,0.04,,13.6,,,
94,184,"Cajá-Manga, cru",86.9,46.0,191.0,1.3,,,11.4,2.6,0.4,13.0,11.0,0.05,24.0,0.2,1.0,119.0,0.02,0.2,,,,0.11,,0.05,,26.7,,,
95,185,"Cajá, polpa, congelada",92.4,26.0,110.0,0.6,0.2,,6.4,1.3,0.4,9.0,7.0,0.07,26.0,0.3,7.0,148.0,0.1,0.1,,,,0.04,,,,,,,
96,186,"Caju, cru",88.1,43.0,180.0,1.0,0.3,,10.3,1.7,0.3,1.0,10.0,0.12,16.0,0.2,3.0,124.0,0.07,0.1,,,,,,,,219.3,,,
97,187,"Caju, polpa, congelada",89.8,37.0,153.0,0.5,0.2,,9.4,0.8,0.2,1.0,7.0,0.05,10.0,0.1,4.0,88.0,0.07,0.1,,,,,0.02,,2.25,119.7,,,
98,188,"Caju, suco concentrado, envasado",88.4,45.0,189.0,0.4,0.2,,10.7,0.6,0.3,1.0,8.0,0.06,11.0,0.1,45.0,107.0,0.04,0.1,,,,,0.03,,,138.7,,,
99,189,"Caqui, chocolate, cru",79.7,71.0,299.0,0.4,0.1,,19.3,6.5,0.5,18.0,9.0,0.39,18.0,0.1,2.0,164.0,,0.2,,,,,,0.03,,29.6,,,
100,19,"Canjica, branca, crua",13.6,358.0,1496.0,7.2,1.0,,78.1,5.5,0.2,2.0,12.0,0.09,48.0,0.3,1.0,93.0,0.05,0.4,,,,,,,,,0.3,0.2,0.4
101,190,"Carambola, crua",87.1,46.0,191.0,0.9,0.2,,11.5,2.0,0.4,5.0,7.0,0.13,11.0,0.2,4.0,133.0,0.08,0.2,,,,0.12,,,,60.9,,,
102,191,"Ciriguela, crua",78.7,76.0,316.0,1.4,0.4,,18.9,3.9,0.7,27.0,18.0,0.06,49.0,0.4,2.0,248.0,0.12,0.5,,,,0.14,,,,27.0,0.2,,0.1
103,192,"Cupuaçu, cru",86.2,49.0,207.0,1.2,1.0,,10.4,3.1,1.2,13.0,18.0,0.07,21.0,0.5,3.0,331.0,0.07,0.3,,,,0.37,0.04,0.07,4.34,24.5,0.4,0.2,0.1
104,193,"Cupuaçu, polpa, congelada",86.6,49.0,204.0,0.8,0.6,,11.4,1.6,0.6,5.0,14.0,0.17,14.0,0.3,1.0,291.0,0.14,0.2,,,,0.07,0.07,0.05,,10.5,0.3,0.1,
105,194,"Figo, cru",88.2,41.0,173.0,1.0,0.2,,10.2,1.8,0.4,27.0,11.0,0.06,15.0,0.2,,174.0,0.13,0.1,,,,0.05,,,,0.8,,,
106,195,"Figo, enlatado, em calda",48.8,184.0,771.0,0.6,0.2,,50.3,2.0,0.2,33.0,7.0,0.16,6.0,0.5,7.0,39.0,0.25,0.1,,,,,,,,5.2,,,
107,196,"Fruta-pão, crua",80.9,67.0,281.0,1.1,0.2,,17.2,5.5,0.7,34.0,24.0,0.04,27.0,0.2,1.0,188.0,0.07,0.1,,,,0.03,,,,9.9,0.1,,
108,197,"Goiaba, branca, com casca, crua",85.7,52.0,216.0,0.9,0.5,,12.4,6.3,0.5,5.0,7.0,0.07,16.0,0.2,,220.0,0.04,0.2,,,,,,0.03,,99.2,0.1,,0.2
109,198,"Goiaba, doce em pasta",24.8,269.0,1125.0,0.6,0.0,,74.1,3.7,0.5,10.0,6.0,0.11,54.0,0.4,4.0,165.0,0.06,0.1,,136.0,68.0,0.07,,,,23.1,,,
110,199,"Goiaba, doce, cascão",20.3,286.0,1195.0,0.4,0.1,,78.7,4.4,0.5,15.0,10.0,0.16,28.0,0.4,11.0,251.0,0.08,0.1,,50.0,25.0,,,,1.41,34.3,,,
111,2,"Arroz, integral, cru",12.2,360.0,1505.0,7.3,1.9,,77.5,4.8,1.2,8.0,110.0,2.99,251.0,0.9,2.0,173.0,0.07,1.4,,,,0.26,,0.18,4.18,,0.3,0.5,0.4
112,20,"Canjica, com leite integral",72.5,112.0,471.0,2.4,1.2,1.0,23.6,1.2,0.3,43.0,6.0,0.02,41.0,0.1,28.0,70.0,0.03,0.3,,,,,0.04,,,,0.6,0.4,0.1
113,200,"Goiaba, vermelha, com casca, crua",85.0,54.0,227.0,1.1,0.4,,13.0,6.2,0.5,4.0,7.0,0.09,15.0,0.2,,198.0,0.04,0.1,,,,,,0.03,,80.6,0.1,,0.3
114,201,"Graviola, crua",82.2,62.0,258.0,0.8,0.2,,15.8,1.9,1.0,40.0,23.0,0.08,19.0,0.2,4.0,250.0,0.04,0.1,,,,0.17,0.12,0.03,,19.1,,,
115,202,"Graviola, polpa, congelada",89.2,38.0,160.0,0.6,0.1,,9.8,1.2,0.4,6.0,10.0,0.06,17.0,0.1,3.0,170.0,0.06,0.1,,,,,0.09,,,10.5,,,
116,203,"Jabuticaba, crua",83.6,58.0,243.0,0.6,0.1,,15.3,2.3,0.4,8.0,18.0,0.3,15.0,0.1,,130.0,0.07,0.3,,,,0.06,,,,16.2,,,
117,204,"Jaca, crua",75.1,88.0,368.0,1.4,0.3,,22.5,2.4,0.8,11.0,40.0,0.48,14.0,0.4,2.0,234.0,0.09,0.2,,,,0.1,0.04,0.05,,14.8,0.1,0.1,
118,205,"Jambo, cru",92.1,27.0,113.0,0.9,0.1,,6.5,5.1,0.5,14.0,14.0,0.05,18.0,0.1,22.0,135.0,0.02,0.1,,,,0.08,,,1.18,3.8,,,
119,206,"Jamelão, cru",87.7,41.0,172.0,0.5,0.1,,10.6,1.8,1.0,3.0,2.0,,,,,,,,,,,,,,,,,,
120,207,"Kiwi, cru",85.9,51.0,214.0,1.3,0.6,,11.5,2.7,0.7,24.0,11.0,0.05,33.0,0.3,,269.0,0.15,0.1,,5.0,3.0,,,0.06,,70.8,0.1,0.1,0.3
121,208,"Laranja, baía, crua",87.1,45.0,190.0,1.0,0.1,,11.5,1.1,0.4,35.0,9.0,0.04,24.0,0.1,,174.0,0.04,0.1,,4.0,2.0,0.06,0.02,,,56.9,,,
122,209,"Laranja, baía, suco",90.2,37.0,153.0,0.7,,,8.7,,0.4,6.0,8.0,0.02,22.0,0.1,,173.0,0.02,,,4.0,2.0,0.03,,0.02,,94.5,,,
123,21,"Cereais, milho, flocos, com sal",9.3,370.0,1546.0,7.3,1.6,,80.8,5.3,1.0,2.0,20.0,,,,,,,,,,,,,,,,0.5,0.6,0.9
124,210,"Laranja, da terra, crua",85.4,51.0,215.0,1.1,0.2,,12.9,4.0,0.5,51.0,14.0,0.04,20.0,0.1,1.0,173.0,0.04,0.2,,,,0.07,0.09,0.03,,34.7,,,
125,211,"Laranja, da terra, suco",89.2,41.0,171.0,0.7,0.1,,9.6,1.0,0.4,13.0,10.0,0.02,15.0,0.1,,145.0,0.02,0.1,,4.0,2.0,0.04,,0.04,,44.3,,,
126,212,"Laranja, lima, crua",87.0,46.0,191.0,1.1,0.1,,11.5,1.8,0.4,31.0,10.0,0.05,15.0,0.1,1.0,130.0,0.03,0.1,,,,0.09,0.05,0.04,,43.5,,,
127,213,"Laranja, lima, suco",89.7,39.0,165.0,0.7,0.1,,9.2,0.4,0.3,8.0,11.0,0.02,16.0,,,129.0,0.02,0.0,,,,0.1,0.03,0.04,,41.3,,,
128,214,"Laranja, pêra, crua",89.6,37.0,154.0,1.0,0.1,,8.9,0.8,0.3,22.0,9.0,0.05,23.0,0.1,,163.0,0.03,0.1,,1.0,0.0,0.07,0.02,0.02,,53.7,,,
129,215,"Laranja, pêra, suco",91.3,33.0,137.0,0.7,0.1,,7.6,,0.3,7.0,8.0,0.03,14.0,,,149.0,0.01,,,1.0,1.0,,,,,73.3,,,
130,216,"Laranja, valência, crua",86.9,46.0,193.0,0.8,0.2,,11.7,1.7,0.4,34.0,14.0,0.06,20.0,0.1,1.0,158.0,0.04,0.1,,,,0.07,0.04,0.03,,47.8,,,
131,217,"Laranja, valência, suco",90.5,36.0,151.0,0.5,0.1,,8.6,0.4,0.3,9.0,10.0,0.03,17.0,,,143.0,0.02,,,,,,,0.03,,,,,
132,218,"Limão, cravo, suco",94.2,14.0,59.0,0.3,,,5.2,,0.2,10.0,9.0,0.03,11.0,0.1,,120.0,0.03,,,31.0,16.0,,,,,32.8,,,
133,219,"Limão, galego, suco",91.8,22.0,93.0,0.6,0.1,,7.3,,0.3,5.0,6.0,0.01,13.0,0.1,,113.0,0.02,0.1,,,,,,0.03,,34.5,,,
134,22,"Cereais, milho, flocos, sem sal",11.2,363.0,1520.0,6.9,1.2,,80.4,1.8,0.3,2.0,17.0,,,,,,,,,,,,,,,,0.3,0.3,0.6
135,220,"Limão, tahiti, cru",87.4,32.0,133.0,0.9,0.1,,11.1,1.2,0.4,51.0,10.0,0.07,24.0,0.2,1.0,128.0,0.06,0.2,,,,0.3,0.04,,,38.2,,,
136,221,"Maçã, Argentina, com casca, crua",82.6,63.0,262.0,0.2,0.2,,16.6,2.0,0.3,3.0,5.0,0.01,11.0,0.1,1.0,117.0,0.03,,,,,0.05,,,,1.5,0.1,,
137,222,"Maçã, Fuji, com casca, crua",84.3,56.0,232.0,0.3,,,15.2,1.3,0.2,2.0,2.0,0.03,9.0,0.1,,75.0,0.06,,,4.0,2.0,,,0.03,,2.4,,,
138,223,"Macaúba, crua",41.5,404.0,1692.0,2.1,40.7,,13.9,13.4,1.8,67.0,66.0,0.08,44.0,0.8,1.0,306.0,0.35,0.7,,1020.0,510.0,0.11,0.11,0.03,,13.4,7.1,25.3,6.5
139,224,"Mamão, doce em calda, drenado",45.5,196.0,819.0,0.2,0.1,,54.0,1.3,0.2,20.0,6.0,0.02,4.0,0.1,3.0,68.0,0.02,0.1,,,,0.03,,,,3.9,,,
140,225,"Mamão, Formosa, cru",86.9,45.0,190.0,0.8,0.1,,11.6,1.8,0.6,25.0,17.0,0.04,11.0,0.2,3.0,222.0,1.36,0.1,,,,0.03,0.03,,,78.5,,,
141,226,"Mamão, Papaia, cru",88.6,40.0,168.0,0.5,0.1,,10.4,1.0,0.4,22.0,22.0,0.01,11.0,0.2,2.0,126.0,0.02,0.1,,,,0.03,0.04,,1.03,82.2,,,
142,227,"Mamão verde, doce em calda, drenado",41.9,209.0,876.0,0.3,0.1,,57.6,1.2,0.1,12.0,5.0,0.04,3.0,0.2,5.0,9.0,0.02,0.0,,,,,,,,,,,
143,228,"Manga, Haden, crua",82.3,64.0,266.0,0.4,0.3,,16.7,1.6,0.4,12.0,8.0,0.17,9.0,0.1,1.0,148.0,0.1,0.1,,,,0.02,0.06,0.05,,17.4,0.1,0.1,
144,229,"Manga, Palmer, crua",79.7,72.0,303.0,0.4,0.2,,19.4,1.6,0.3,12.0,9.0,0.05,14.0,0.1,2.0,157.0,0.09,0.1,,787.0,393.0,0.09,0.03,,,65.5,,,
145,23,"Cereais, mingau, milho, infantil",4.7,394.0,1650.0,6.4,1.1,,87.3,3.2,0.5,219.0,16.0,0.11,169.0,3.0,399.0,82.0,0.04,0.4,21.0,,,3.72,0.47,5.08,24.16,109.4,0.3,0.3,0.5
146,230,"Manga, polpa, congelada",86.5,48.0,202.0,0.4,0.2,,12.5,1.1,0.4,7.0,9.0,0.12,9.0,0.1,7.0,131.0,0.06,0.1,,,,,0.07,0.03,,24.9,0.1,0.1,
147,231,"Manga, Tommy Atkins, crua",85.8,51.0,212.0,0.9,0.2,,12.8,2.1,0.3,8.0,7.0,0.34,14.0,0.1,,138.0,0.06,0.1,,118.0,59.0,,0.04,0.03,,7.9,0.1,0.1,
148,232,"Maracujá, cru",82.9,68.0,286.0,2.0,2.1,,12.3,1.1,0.8,5.0,28.0,0.12,51.0,0.6,2.0,338.0,0.19,0.4,,,,,0.05,0.05,,19.8,0.2,0.3,0.9
149,233,"Maracujá, polpa, congelada",88.9,39.0,162.0,0.8,0.2,,9.6,0.5,0.5,5.0,10.0,0.07,15.0,0.3,8.0,228.0,0.05,0.2,,,,,0.09,0.06,,7.3,,,
150,234,"Maracujá, suco concentrado, envasado",88.9,42.0,,0.8,0.2,,9.6,0.4,0.5,4.0,4.0,0.07,14.0,0.3,22.0,201.0,0.05,0.1,,,,,0.08,0.05,1.92,13.7,,,
151,235,"Melancia, crua",90.7,33.0,136.0,0.9,,,8.1,0.1,0.3,8.0,10.0,0.14,12.0,0.2,,104.0,0.04,0.1,,,,,,,,6.1,,,
152,236,"Melão, cru",91.3,29.0,123.0,0.7,,,7.5,0.3,0.5,3.0,6.0,0.05,10.0,0.2,11.0,216.0,0.04,0.1,,,,,,0.02,,8.7,,,
153,237,"Mexerica, Murcote, crua",83.7,58.0,241.0,0.9,0.1,,14.9,3.1,0.5,33.0,12.0,0.05,19.0,0.1,1.0,159.0,0.06,0.1,,,,0.08,0.07,0.05,,21.8,,,
154,238,"Mexerica, Rio, crua",89.6,37.0,154.0,0.7,0.1,,9.3,2.7,0.3,17.0,8.0,0.05,14.0,0.1,2.0,125.0,0.07,0.2,,,,0.03,,,,112.0,,,
155,239,"Morango, cru",91.5,30.0,126.0,0.9,0.3,,6.8,1.7,0.5,11.0,10.0,0.33,22.0,0.3,,184.0,0.06,0.2,,,,,0.03,0.03,,63.6,,,
156,24,"Cereais, mistura para vitamina, trigo, cevada e aveia",4.4,381.0,1595.0,8.9,2.1,,81.6,5.0,3.0,584.0,72.0,2.28,515.0,12.6,1163.0,244.0,0.21,2.0,,,,0.76,0.88,1.49,7.46,13.1,0.5,0.4,1.0
157,240,"Nêspera, crua",87.8,43.0,178.0,0.3,,,11.5,3.0,0.4,20.0,10.0,0.07,10.0,0.1,,113.0,0.12,0.1,,,,,,,,3.2,,,
158,241,"Pequi, cru",65.9,205.0,858.0,2.3,18.0,,13.0,19.0,0.8,32.0,30.0,0.64,34.0,0.3,,298.0,0.21,1.0,,,,0.17,0.48,0.06,2.57,8.3,,,
159,242,"Pêra, Park, crua",83.2,61.0,254.0,0.2,0.2,,16.1,3.0,0.3,9.0,6.0,0.04,12.0,0.3,1.0,102.0,0.08,0.1,,,,0.06,,,,2.4,0.1,,0.1
160,243,"Pêra, Williams, crua",85.0,53.0,223.0,0.6,0.1,,14.0,3.0,0.3,8.0,6.0,0.04,12.0,0.1,,116.0,0.07,0.1,,,,,,,,2.8,,,
161,244,"Pêssego, Aurora, cru",89.3,36.0,152.0,0.8,,,9.3,1.4,0.5,3.0,4.0,0.05,15.0,0.2,,124.0,0.02,0.1,,,,0.05,,,,3.3,,,
162,245,"Pêssego, enlatado, em calda",82.2,63.0,264.0,0.7,,,16.9,1.0,0.2,4.0,4.0,0.03,9.0,0.6,3.0,95.0,0.04,0.1,,48.0,24.0,,,,,,,,
163,246,"Pinha, crua",75.0,88.0,370.0,1.5,0.3,,22.4,3.4,0.7,21.0,31.0,0.15,34.0,0.2,1.0,283.0,0.11,0.2,,,,0.12,0.04,0.09,,35.9,0.1,,0.1
164,247,"Pitanga, crua",88.3,41.0,173.0,0.9,0.2,,10.2,3.2,0.4,18.0,12.0,0.36,13.0,0.4,2.0,113.0,0.08,0.4,,,,0.03,0.1,,,24.9,,,
165,248,"Pitanga, polpa, congelada",94.6,19.0,80.0,0.3,0.1,,4.8,0.7,0.3,8.0,6.0,0.05,12.0,0.4,5.0,87.0,0.06,0.1,,146.0,73.0,,,,,,,,
166,249,"Romã, crua",84.0,56.0,233.0,0.4,,,15.1,0.4,0.5,5.0,13.0,0.13,40.0,0.3,1.0,485.0,0.19,0.7,,,,0.12,0.17,0.05,,8.1,,,
167,25,"Cereal matinal, milho",5.5,365.0,1529.0,7.2,1.0,,83.8,4.1,2.5,143.0,11.0,0.06,101.0,3.1,655.0,83.0,0.06,7.6,,31.0,15.0,0.76,1.02,2.25,11.04,17.3,0.4,0.3,0.3
168,250,"Tamarindo, cru",22.0,276.0,1154.0,3.2,0.5,,72.5,6.4,1.9,37.0,59.0,0.34,55.0,0.6,0.0,723.0,0.29,0.7,,,,0.31,,0.1,,7.2,0.1,0.2,
169,251,"Tangerina, Poncã, crua",89.2,38.0,158.0,0.8,0.1,,9.6,0.9,0.3,13.0,8.0,0.04,12.0,0.1,,131.0,0.03,,,47.0,24.0,0.06,0.02,0.02,,48.8,,,
170,252,"Tangerina, Poncã, suco",90.4,36.0,151.0,0.5,,,8.8,,0.3,4.0,6.0,0.02,9.0,,,119.0,0.02,,,51.0,26.0,0.06,,0.03,,41.8,,,
171,253,"Tucumã, cru",51.3,262.0,1096.0,2.1,19.1,,26.5,12.7,1.1,46.0,121.0,0.55,53.0,0.6,4.0,401.0,0.39,0.9,,2363.0,1181.0,0.04,,0.11,,18.0,4.7,9.7,0.9
172,254,"Umbu, cru",89.3,37.0,155.0,0.8,,,9.4,2.0,0.5,12.0,11.0,0.03,13.0,0.1,,152.0,0.04,0.4,,,,0.05,0.06,0.03,,24.1,,,
173,255,"Umbu, polpa, congelada",90.2,34.0,142.0,0.5,0.1,,8.8,1.3,0.4,11.0,8.0,0.05,13.0,0.2,6.0,154.0,0.04,0.1,,,,,0.06,,,4.0,,,
174,256,"Uva, Itália, crua",85.0,53.0,221.0,0.7,0.2,,13.6,0.9,0.6,7.0,5.0,0.13,12.0,0.1,,162.0,0.11,,,5.0,3.0,,,0.03,,3.3,,,
175,257,"Uva, Rubi, crua",86.1,49.0,205.0,0.6,0.2,,12.7,0.9,0.5,8.0,6.0,0.07,23.0,0.2,8.0,159.0,0.05,,,,,0.02,0.02,,,1.9,,,
176,258,"Uva, suco concentrado, envasado",85.1,58.0,241.0,,,,14.7,0.2,0.2,9.0,7.0,0.2,10.0,0.1,10.0,54.0,0.13,0.1,,,,0.07,0.02,0.05,,21.0,,,
177,259,"Azeite, de dendê",,884.0,3699.0,,100.0,,,,,,,,,,,,,,,,,,,,,,43.1,40.1,16.6
178,26,"Cereal matinal, milho, açúcar",4.3,377.0,1576.0,4.7,0.7,,88.8,2.1,1.5,56.0,8.0,0.13,43.0,3.9,405.0,52.0,0.04,8.5,,31.0,15.0,0.73,1.11,0.79,10.13,14.6,0.2,0.3,0.3
179,260,"Azeite, de oliva, extra virgem",,884.0,3699.0,,,,,,,,,,,,,,,,,,,,,,,,14.9,75.5,9.5
180,261,"Manteiga, com sal",15.8,726.0,3037.0,0.4,82.4,201.0,0.1,,1.4,9.0,1.0,,,,,,,,,,,,,,,,49.2,20.4,1.2
181,262,"Manteiga, sem sal",13.6,758.0,3170.0,0.4,86.0,214.0,0.0,,0.1,4.0,1.0,,,,,,,,,,,,,,,,51.5,21.9,1.5
182,263,"Margarina, com óleo hidrogenado, com sal (65% de lipídeos)",32.2,596.0,2494.0,,67.4,,0.0,,1.9,6.0,1.0,,,,,,,,,,,,,,,,14.9,18.2,21.4
183,264,"Margarina, com óleo hidrogenado, sem sal (80% de lipídeos)",19.6,723.0,3023.0,,81.7,,0.0,,0.2,3.0,1.0,,,,,,,,,,,,,,,,,,
184,265,"Margarina, com óleo interesterificado, com sal (65%de lipídeos)",32.0,594.0,2487.0,,67.2,,0.0,,,5.0,1.0,,,,,,,,,,,,,,,,21.9,15.0,27.6
185,266,"Margarina, com óleo interesterificado, sem sal (65% de lipídeos)",33.4,593.0,2482.0,,67.1,,0.0,,,5.0,1.0,,,,,,,,,,,,,,,,20.9,14.4,26.5
186,267,"Óleo, de babaçu",,884.0,3699.0,,100.0,,,,,,,,,,,,,,,,,,,,,,50.9,18.6,30.2
187,268,"Óleo, de canola",,884.0,3699.0,,100.0,,,,,,,,,,,,,,,,,,,,,,7.9,62.6,28.4
188,269,"Óleo, de girassol",,884.0,3699.0,,100.0,,,,,,,,,,,,,,,,,,,,,,10.8,25.4,62.6
189,27,"Creme de arroz, pó",7.3,386.0,1615.0,7.0,1.2,,83.9,1.1,0.5,7.0,51.0,1.24,153.0,0.6,1.0,115.0,0.04,1.9,,,,0.22,,0.05,,,0.4,0.3,0.4
190,270,"Óleo, de milho",,884.0,3699.0,,100.0,,,,,,,,,,,,,,,,,,,,,,15.2,33.4,50.9
191,271,"Óleo, de pequi",,884.0,3699.0,,100.0,,,,,,,,,,,,,,,,,,,,,,39.9,55.8,4.2
192,272,"Óleo, de soja",,884.0,3699.0,,100.0,,,,,,,,,,,,,,,,,,,,,,15.2,23.3,60.0
193,273,"Abadejo, filé, congelado, assado",74.3,112.0,467.0,23.5,1.2,103.0,0.0,,1.6,23.0,20.0,,,,,,,,,,,,,,,,0.6,0.3,0.1
194,274,"Abadejo, filé, congelado,cozido",79.7,91.0,381.0,19.3,0.9,87.0,0.0,,0.9,17.0,16.0,,,,,,,,,,,,,,,,0.4,0.3,0.2
195,275,"Abadejo, filé, congelado, cru",86.4,59.0,247.0,13.1,0.4,31.0,0.0,,0.6,10.0,14.0,0.01,91.0,0.1,79.0,148.0,0.14,0.4,,,,0.04,,,4.6,,0.1,,0.1
196,276,"Abadejo, filé, congelado, grelhado",71.0,130.0,542.0,27.6,1.3,136.0,0.0,,1.6,20.0,22.0,,,,,,,,,,,,,,,,0.6,0.3,0.6
197,277,"Atum, conserva em óleo",64.5,166.0,694.0,26.2,6.0,53.0,0.0,,1.5,7.0,29.0,,,,,,,,,,,,,,,,1.0,1.3,3.2
198,278,"Atum, fresco, cru",73.1,118.0,492.0,25.7,0.9,48.0,0.0,,1.3,7.0,32.0,,,,,,,,,,,,,,,,0.5,0.2,
199,279,"Bacalhau, salgado, cru",47.9,136.0,569.0,29.0,1.3,139.0,0.0,,22.5,157.0,49.0,0.03,186.0,0.9,13585.0,434.0,0.09,0.7,,,,,0.21,,,,0.6,0.3,0.2
200,28,"Creme de milho, pó",5.7,333.0,1393.0,4.8,1.6,,86.1,3.7,1.7,323.0,30.0,0.2,303.0,4.3,594.0,166.0,0.04,0.8,,,,0.74,,2.05,,96.3,0.3,0.5,0.8
201,280,"Bacalhau, salgado, refogado",65.9,140.0,584.0,24.0,3.6,112.0,1.2,,5.3,59.0,15.0,,,,,,,,,,,,,,,,0.9,1.1,1.2
202,281,"Cação, posta, com farinha de trigo, frita",60.6,208.0,872.0,25.0,10.0,75.0,3.1,0.5,1.4,30.0,26.0,0.06,462.0,1.0,160.0,420.0,,0.6,17.0,17.0,17.0,,,,0.77,,1.5,2.2,5.2
203,282,"Cação, posta, cozida",75.9,116.0,485.0,25.6,0.7,83.0,0.0,,1.2,10.0,21.0,,,,,,,,,,,,,,,,0.2,0.1,0.2
204,283,"Cação, posta, crua",81.4,83.0,349.0,17.9,0.8,36.0,0.0,,1.2,9.0,19.0,0.04,181.0,0.2,176.0,299.0,0.13,0.3,6.0,6.0,6.0,0.04,,,1.31,,0.1,0.1,0.2
205,284,"Camarão, Rio Grande, grande, cozido",78.7,90.0,377.0,19.0,1.0,241.0,0.0,,1.7,90.0,19.0,0.06,266.0,1.3,367.0,102.0,0.17,1.2,,,,,,,1.07,,0.4,0.2,0.2
206,285,"Camarão, Rio Grande, grande, cru",89.1,47.0,197.0,10.0,0.5,124.0,0.0,,0.8,51.0,27.0,0.04,234.0,0.7,201.0,72.0,0.11,0.7,20.0,20.0,20.0,,,,,,0.1,0.1,0.2
207,286,"Camarão, Sete Barbas, sem cabeça, com casca, fr ito",61.0,231.0,968.0,18.4,15.6,283.0,2.9,,2.1,960.0,74.0,0.38,337.0,2.4,99.0,107.0,0.19,1.1,,,,0.05,,,0.35,,2.5,3.6,8.8
208,287,"Caranguejo, cozido",77.0,83.0,346.0,18.5,0.4,85.0,0.0,,3.5,357.0,52.0,0.07,154.0,2.9,360.0,186.0,0.72,5.7,,,,0.04,0.31,,4.17,,0.2,0.2,
209,288,"Corimba, cru",75.6,128.0,536.0,17.4,6.0,40.0,0.0,,1.0,40.0,23.0,0.02,190.0,0.5,47.0,317.0,0.03,0.4,,,,,,,1.87,,2.5,2.3,0.3
210,289,"Corimbatá, assado",59.9,261.0,1094.0,19.9,19.6,80.0,0.0,,1.0,22.0,24.0,0.01,221.0,1.0,40.0,326.0,0.03,0.7,,,,0.13,0.06,,2.7,,4.8,6.4,2.6
211,29,"Curau, milho verde",81.6,78.0,328.0,2.4,1.6,5.0,13.9,0.5,0.5,53.0,16.0,0.06,75.0,0.4,21.0,162.0,0.03,0.4,12.0,,,0.04,0.07,,,,0.8,0.5,0.2
212,290,"Corimbatá, cozido",64.6,239.0,999.0,20.1,16.9,75.0,0.0,,0.8,65.0,23.0,0.02,185.0,0.6,37.0,254.0,0.05,1.0,,,,,,,2.09,,4.5,6.5,2.3
213,291,"Corvina de água doce, crua",79.2,101.0,423.0,18.9,2.2,73.0,0.0,,1.0,39.0,25.0,0.02,154.0,0.3,45.0,293.0,0.02,0.4,8.0,8.0,8.0,,0.08,,,,1.2,0.7,0.1
214,292,"Corvina do mar, crua",79.4,94.0,392.0,18.6,1.6,67.0,0.0,,1.1,,24.0,0.01,183.0,0.4,68.0,339.0,0.03,0.4,65.0,65.0,65.0,0.12,0.05,,2.62,,0.7,0.5,0.1
215,293,"Corvina grande, assada",69.0,147.0,613.0,26.8,3.6,117.0,0.0,,1.3,60.0,24.0,0.03,176.0,0.5,85.0,291.0,0.02,0.7,,,,0.11,0.1,,4.23,,1.5,1.2,0.3
216,294,"Corvina grande, cozida",73.6,100.0,419.0,23.4,2.6,123.0,0.0,,0.9,69.0,22.0,0.02,164.0,0.6,68.0,194.0,0.03,0.7,6.0,6.0,6.0,,0.03,,0.77,,0.7,0.6,0.6
217,295,"Dourada de água doce, fresca",76.2,131.0,549.0,18.8,5.6,52.0,0.0,,1.1,12.0,26.0,0.01,189.0,0.2,40.0,393.0,0.02,0.5,,,,,,,3.7,,3.0,1.4,0.4
218,296,"Lambari, congelado, cru",71.9,131.0,547.0,16.8,6.5,159.0,0.0,,3.6,1181.0,45.0,0.28,696.0,0.9,48.0,244.0,0.09,3.3,4.0,4.0,4.0,0.05,,,3.3,,2.0,2.2,1.2
219,297,"Lambari, congelado, frito",40.1,327.0,1368.0,28.4,22.8,246.0,0.0,,6.2,1881.0,66.0,0.34,1067.0,0.8,65.0,331.0,0.31,5.6,9.0,9.0,9.0,0.25,0.03,0.04,8.93,,5.5,7.0,8.1
220,298,"Lambari, fresco, cru",72.2,152.0,634.0,15.7,9.4,144.0,0.0,,2.2,590.0,32.0,0.41,441.0,0.6,41.0,207.0,0.05,2.4,,,,,0.03,0.07,1.86,,3.4,3.3,1.1
221,299,"Manjuba, com farinha de trigo, frita",41.3,344.0,1437.0,23.5,22.6,282.0,10.2,0.4,2.4,763.0,47.0,0.36,578.0,3.0,37.0,319.0,0.15,3.8,30.0,30.0,30.0,0.05,0.07,,0.79,,5.5,5.4,10.4
222,3,"Arroz, tipo 1, cozido",69.1,128.0,537.0,2.5,0.2,,28.1,1.6,0.1,4.0,2.0,0.3,18.0,0.1,1.0,15.0,0.02,0.5,,,,,,,,,0.2,,
223,30,"Curau, milho verde, mistura para",3.9,402.0,1683.0,2.2,13.4,,79.8,2.5,0.7,31.0,9.0,0.05,45.0,0.9,223.0,55.0,0.03,0.2,,,,0.13,,,,,3.0,4.9,1.4
224,300,"Manjuba, frita",40.7,349.0,1462.0,30.1,24.5,270.0,0.0,,4.2,575.0,32.0,0.21,735.0,0.9,41.0,318.0,0.14,3.2,12.0,12.0,12.0,0.03,0.03,,7.27,,5.3,6.0,11.7
225,301,"Merluza, filé, assado",70.7,122.0,510.0,26.6,0.9,91.0,0.0,,1.2,36.0,20.0,0.03,273.0,0.4,120.0,364.0,0.03,0.9,,,,0.05,,,7.97,,0.2,0.1,0.3
226,302,"Merluza, filé, cru",82.1,89.0,373.0,16.6,2.0,57.0,0.0,,1.1,20.0,27.0,0.01,185.0,0.2,80.0,340.0,,0.3,,,,,,,1.34,,0.9,0.5,0.4
227,303,"Merluza, filé, frito",63.5,192.0,802.0,26.9,8.5,109.0,0.0,,1.5,36.0,38.0,0.02,279.0,0.4,90.0,447.0,0.03,0.6,,,,0.05,,,0.77,,1.4,2.1,4.3
228,304,"Pescada, branca, crua",79.6,111.0,464.0,16.3,4.6,51.0,0.0,,0.9,16.0,19.0,0.01,136.0,0.2,76.0,261.0,,0.3,3.0,3.0,3.0,,0.04,,0.6,,0.8,2.4,0.9
229,305,"Pescada, branca, frita",57.0,223.0,933.0,27.4,11.8,165.0,0.0,,3.2,378.0,30.0,0.06,504.0,0.5,107.0,355.0,0.08,1.1,39.0,39.0,39.0,0.08,0.11,,8.07,,2.3,3.2,5.2
230,306,"Pescada, filé, com farinha de trigo, frito",53.2,283.0,1186.0,21.4,19.1,73.0,5.0,,1.2,26.0,28.0,0.07,216.0,0.9,91.0,216.0,0.03,0.4,18.0,18.0,18.0,,0.03,,0.6,,2.2,4.4,9.1
231,307,"Pescada, filé, cru",79.5,107.0,449.0,16.7,4.0,65.0,0.0,,0.9,14.0,23.0,0.01,141.0,0.2,77.0,253.0,,0.3,48.0,48.0,48.0,,0.05,,3.1,,0.9,2.3,0.3
232,308,"Pescada, filé, frito",66.8,154.0,645.0,28.6,3.6,81.0,0.0,,1.7,10.0,21.0,,,,,,,,,,,,,,,,1.0,1.1,1.2
233,309,"Pescada, filé, molho escabeche",74.5,142.0,594.0,11.8,8.0,43.0,5.0,0.8,0.7,20.0,18.0,0.08,105.0,1.5,51.0,,,,19.0,,,,0.03,,1.1,6.9,1.3,2.9,4.3
234,31,"Farinha, de arroz, enriquecida",12.7,363.0,1519.0,1.3,0.3,,85.5,0.6,0.2,1.0,4.0,0.04,36.0,31.4,17.0,13.0,,8.5,,,,3.23,,3.47,24.42,173.6,0.2,0.1,0.2
235,310,"Pescadinha, crua",80.6,76.0,320.0,15.5,1.1,84.0,0.0,,2.0,332.0,34.0,0.07,327.0,0.5,120.0,,,,,,,0.08,,,6.6,,0.3,0.2,0.4
236,311,"Pintado, assado",57.0,192.0,801.0,36.5,4.0,126.0,0.0,,2.0,114.0,42.0,0.08,332.0,0.8,81.0,527.0,0.04,2.1,7.0,7.0,7.0,0.03,,,6.63,,1.8,,0.3
237,312,"Pintado, cru",80.3,91.0,381.0,18.6,1.3,50.0,0.0,,1.1,12.0,24.0,0.01,174.0,0.2,43.0,294.0,0.03,0.4,,,,,,,4.95,,0.6,1.3,0.1
238,313,"Pintado, grelhado",65.5,152.0,637.0,30.8,2.3,99.0,0.0,,1.6,69.0,27.0,0.03,237.0,0.5,53.0,360.0,0.04,0.8,5.0,5.0,5.0,0.03,,,2.87,,1.1,,0.2
239,314,"Porquinho, cru",79.2,93.0,389.0,20.5,0.6,49.0,0.0,,1.3,26.0,24.0,0.05,207.0,0.4,67.0,313.0,0.04,0.7,5.0,5.0,5.0,,,,1.19,,0.4,0.1,
240,315,"Salmão, filé, com pele, fresco, grelhado",60.9,229.0,957.0,23.9,14.0,85.0,0.0,,1.3,29.0,28.0,0.02,300.0,0.5,85.0,384.0,0.04,0.6,,,,0.13,0.06,,5.35,,3.1,4.4,7.0
241,316,"Salmão, sem pele, fresco, cru",69.0,170.0,710.0,19.3,9.7,53.0,0.0,,1.2,9.0,27.0,,,,,,,,,,,,,,,,2.5,2.9,3.1
242,317,"Salmão, sem pele, fresco, grelhado",58.1,243.0,1015.0,26.1,14.5,73.0,0.0,,1.6,15.0,38.0,0.01,352.0,0.4,96.0,518.0,0.04,0.5,,,,0.23,0.03,,6.3,,3.6,4.1,5.0
243,318,"Sardinha, assada",60.1,164.0,688.0,32.2,3.0,109.0,0.0,,4.4,438.0,51.0,0.24,578.0,1.3,74.0,574.0,0.14,1.8,,,,0.06,,,5.83,,1.7,0.5,0.3
244,319,"Sardinha, conserva em óleo",55.1,285.0,1192.0,15.9,24.0,73.0,0.0,,2.9,550.0,35.0,0.11,496.0,3.5,666.0,367.0,0.03,1.6,,,,0.42,0.04,,6.55,,4.1,5.5,11.9
245,32,"Farinha, de centeio, integral",10.8,336.0,1405.0,12.5,1.8,,73.3,15.5,1.7,34.0,120.0,3.86,340.0,4.7,41.0,334.0,0.56,2.7,,,,0.29,0.03,0.08,,,0.3,0.3,0.8
246,320,"Sardinha, frita",48.5,257.0,1075.0,33.4,12.7,103.0,0.0,,4.3,482.0,39.0,0.25,629.0,1.1,60.0,460.0,0.14,1.6,,,,0.06,,,7.1,,2.6,3.1,6.1
247,321,"Sardinha, inteira, crua",76.6,114.0,477.0,21.1,2.7,61.0,0.0,,1.6,167.0,29.0,0.1,294.0,1.3,60.0,312.0,0.13,1.3,,,,,0.07,,7.7,,1.7,0.5,0.2
248,322,"Tucunaré, filé, congelado, cru",79.9,88.0,367.0,18.0,1.2,47.0,0.0,,1.0,19.0,26.0,0.01,168.0,0.3,57.0,288.0,0.1,0.4,,,,,0.05,,0.9,,0.6,0.4,0.4
249,323,Apresuntado,73.7,129.0,539.0,13.5,6.7,38.0,2.9,,3.3,23.0,15.0,0.04,225.0,0.9,943.0,270.0,0.03,1.6,,,,0.62,0.04,,0.7,,1.9,2.6,1.1
250,324,"Caldo de carne, tablete",2.9,241.0,1007.0,7.8,16.6,,15.1,0.6,57.6,129.0,22.0,0.02,123.0,,22180.0,218.0,,,,,,0.7,0.07,0.27,,,7.8,2.5,0.1
251,325,"Caldo de galinha, tablete",3.4,251.0,1052.0,6.3,20.4,2.0,10.6,11.8,59.3,16.0,13.0,0.13,48.0,0.7,22300.0,68.0,,0.3,,,,0.05,0.04,,,,9.4,3.2,0.2
252,326,"Carne, bovina, acém, moído, cozido",61.6,212.0,889.0,26.7,10.9,103.0,0.0,,0.8,4.0,17.0,0.01,164.0,2.7,52.0,256.0,0.06,8.1,,,,,0.32,,1.76,,4.8,4.6,0.3
253,327,"Carne, bovina, acém, moído, cru",72.7,137.0,571.0,19.4,5.9,58.0,0.0,,0.9,3.0,14.0,,,,,,,,,,,,,,,,2.7,2.4,0.1
254,328,"Carne, bovina, acém, sem gordura, cozido",60.4,,898.0,27.3,10.9,107.0,0.0,,0.8,7.0,14.0,,,,,,,,,,,,,,,,5.5,,0.3
255,329,"Carne, bovina, acém, sem gordura, cru",71.5,144.0,603.0,20.8,6.1,53.0,0.0,,1.0,5.0,13.0,,,,,,,,,,,,,,,,2.8,2.3,0.2
256,33,"Farinha, de milho, amarela",11.8,351.0,1467.0,7.2,1.5,,79.1,5.5,0.5,1.0,31.0,,,,,,,,,,,,,,,,0.4,0.4,0.6
257,330,"Carne, bovina, almôndegas, cruas",64.3,189.0,792.0,12.3,11.2,34.0,9.8,,2.4,22.0,24.0,0.17,145.0,1.6,621.0,328.0,0.15,2.3,,,,0.11,0.04,,2.2,,3.9,3.5,0.9
258,331,"Carne, bovina, almôndegas, fritas",48.1,272.0,1137.0,18.2,15.8,36.0,14.3,,3.7,27.0,48.0,0.41,244.0,1.9,1030.0,536.0,0.19,2.6,,,,0.13,0.07,,6.6,,4.2,5.0,5.5
259,332,"Carne, bovina, bucho, cozido",74.1,133.0,557.0,21.6,4.5,245.0,0.0,,0.3,13.0,7.0,0.01,63.0,0.6,38.0,70.0,0.05,2.5,,,,,,,2.18,,2.4,1.4,0.1
260,333,"Carne, bovina, bucho, cru",75.0,137.0,574.0,20.5,5.5,145.0,0.0,,0.4,9.0,6.0,0.01,61.0,0.5,45.0,85.0,0.06,2.1,,,,,,,2.13,,3.3,1.4,0.1
261,334,"Carne, bovina, capa de contra-filé, com gordura, crua",64.8,217.0,908.0,19.2,15.0,63.0,0.0,,0.9,6.0,17.0,0.01,144.0,1.5,58.0,267.0,0.06,3.5,4.0,4.0,4.0,0.09,0.09,0.12,1.55,,6.9,6.2,0.1
262,335,"Carne, bovina, capa de contra-filé, com gordura, grelhada",47.9,312.0,1304.0,30.7,20.0,120.0,0.0,,1.1,7.0,18.0,,,,,,,,,,,,,,,,8.8,8.7,0.3
263,336,"Carne, bovina, capa de contra-filé, sem gordura, crua",73.0,131.0,548.0,21.5,4.3,58.0,0.0,,1.0,6.0,20.0,,,,,,,,,,,,,,,,1.9,1.9,0.1
264,337,"Carne, bovina, capa de contra-filé, sem gordura, grelhada",53.7,239.0,1002.0,35.1,10.0,80.0,0.0,,1.3,9.0,26.0,0.01,287.0,2.8,83.0,385.0,0.12,7.6,,,,0.03,0.08,,1.86,,4.3,4.3,0.2
265,338,"Carne, bovina, charque, cozido",45.8,263.0,1099.0,36.4,11.9,113.0,0.0,,3.6,15.0,13.0,0.02,101.0,3.5,1443.0,90.0,0.07,6.1,,,,0.05,0.07,,1.5,,4.8,5.4,0.4
266,339,"Carne, bovina, charque, cru",44.5,249.0,1041.0,22.7,16.8,81.0,0.0,,14.5,15.0,13.0,,,,,,,,,,,,,,,,8.7,6.6,0.2
267,34,"Farinha, de rosca",9.8,371.0,1550.0,11.4,1.5,,75.8,4.8,1.6,35.0,57.0,1.62,195.0,6.7,333.0,212.0,0.26,1.7,,,,0.25,,0.09,,,0.6,0.4,0.8
268,340,"Carne, bovina, contra-filé, à milanesa",42.2,352.0,1471.0,20.6,24.0,99.0,12.2,0.4,1.1,15.0,27.0,0.27,203.0,2.9,77.0,271.0,0.1,2.9,15.0,,,0.07,0.04,,3.02,,7.2,8.1,6.9
269,341,"Carne, bovina, contra-filé de costela, cru",66.4,202.0,847.0,19.8,13.1,52.0,0.0,,1.0,3.0,14.0,,,,,,,,,,,,,,,,6.7,4.6,0.1
270,342,"Carne, bovina, contra-filé de costela, grelhado",52.2,275.0,1150.0,29.9,16.3,98.0,0.0,,1.2,4.0,24.0,0.01,252.0,2.8,51.0,383.0,0.08,6.7,,,,,0.19,0.17,2.75,,8.8,5.6,0.2
271,343,"Carne, bovina, contra-filé, com gordura, cru",65.7,206.0,861.0,21.2,12.8,73.0,0.0,,0.9,4.0,18.0,0.01,164.0,1.3,44.0,285.0,0.04,2.8,4.0,4.0,4.0,0.11,0.08,0.03,3.79,,,,
272,344,"Carne, bovina, contra-filé, com gordura, grelha do",51.7,278.0,1163.0,32.4,15.5,144.0,0.0,,1.2,4.0,19.0,,,,,,,,,,,,,,,,7.4,6.3,0.2
273,346,"Carne, bovina, contra-filé, sem gordura, grelha do",57.5,194.0,810.0,35.9,4.5,102.0,0.0,,1.3,5.0,21.0,,,,,,,,,,,,,,,,2.0,1.9,0.1
274,347,"Carne, bovina, costela, assada",43.2,373.0,1561.0,28.8,27.7,95.0,0.0,,1.0,28.0,20.0,,,,,,,,,,,,,,,,11.8,12.1,0.3
275,348,"Carne, bovina, costela, crua",52.7,358.0,1497.0,16.7,31.8,44.0,0.0,,0.9,,12.0,,,,,,,,,,,,,,,,14.9,12.7,0.3
276,349,"Carne, bovina, coxão duro, sem gordura, cozido",58.5,217.0,906.0,31.9,8.9,71.0,0.0,,0.9,4.0,14.0,,,,,,,,,,,,,,,,3.5,4.1,0.2
277,35,"Farinha, de trigo",13.0,360.0,1508.0,9.8,1.4,,75.1,2.3,0.8,18.0,31.0,0.46,115.0,1.0,1.0,151.0,0.15,0.8,,,,0.31,,,0.89,,0.3,0.2,0.4
278,350,"Carne, bovina, coxão duro, sem gordura, cru",69.8,148.0,619.0,21.5,6.2,60.0,0.0,,1.1,3.0,21.0,,,,,,,,,,,,,,,,2.9,2.4,0.1
279,351,"Carne, bovina, coxão mole, sem gordura, cozido",58.0,219.0,915.0,32.4,8.9,84.0,0.0,,1.2,4.0,13.0,,,,,,,,,,,,,,,,4.3,3.4,0.2
280,352,"Carne, bovina, coxão mole, sem gordura, cru",68.8,169.0,707.0,21.2,8.7,84.0,0.0,,1.0,3.0,21.0,,,,,,,,,,,,,,,,3.9,3.7,0.1
281,353,"Carne, bovina, cupim, assado",48.4,330.0,1381.0,28.6,23.0,91.0,0.0,,1.0,8.0,18.0,,,,,,,,,,,,,,,,5.5,5.4,0.2
282,354,"Carne, bovina, cupim, cru",64.8,221.0,926.0,19.5,15.3,51.0,0.0,,0.9,4.0,13.0,,,,,,,,,,,,,,,,6.8,6.4,0.2
283,355,"Carne, bovina, fígado, cru",71.3,141.0,590.0,20.7,5.4,393.0,1.1,,1.5,4.0,12.0,0.26,334.0,5.6,76.0,265.0,9.01,3.5,7937.0,7937.0,7937.0,0.14,0.9,,10.66,,2.8,1.5,0.1
284,356,"Carne, bovina, fígado, grelhado",55.0,225.0,942.0,29.9,9.0,601.0,4.2,,2.0,6.0,10.0,0.22,420.0,5.8,82.0,309.0,12.58,4.0,14574.0,14574.0,14574.0,0.21,2.69,,11.92,,4.7,2.2,1.1
285,357,"Carne, bovina, filé mingnon, sem gordura, cru",71.9,143.0,598.0,21.6,5.6,55.0,0.0,,1.1,3.0,21.0,0.01,193.0,1.9,49.0,322.0,0.08,2.8,4.0,4.0,4.0,0.12,0.1,0.04,1.78,,,,
286,358,"Carne, bovina, filé mingnon, sem gordura, grelhado",57.0,220.0,919.0,32.8,8.8,103.0,0.0,,1.3,4.0,28.0,0.02,308.0,2.9,58.0,326.0,0.14,4.1,,,,0.03,0.08,0.05,4.27,,4.5,3.1,0.2
287,359,"Carne, bovina, flanco, sem gordura, cozido",62.0,196.0,818.0,29.4,7.8,62.0,0.0,,0.9,4.0,14.0,,,,,,,,,,,,,,,,3.9,2.8,0.1
288,36,"Farinha, láctea, de cereais",2.7,415.0,1736.0,11.9,5.8,11.0,77.8,1.9,1.9,196.0,58.0,1.49,296.0,8.7,125.0,366.0,0.19,1.7,492.0,,,1.43,1.13,1.14,9.5,24.3,3.3,1.4,0.6
289,360,"Carne, bovina, flanco, sem gordura, cru",72.1,141.0,592.0,20.0,6.2,50.0,0.0,,1.0,3.0,18.0,,,,,,,,,,,,,,,,3.1,2.3,0.1
290,361,"Carne, bovina, fraldinha, com gordura, cozida",49.7,338.0,1416.0,24.2,26.0,65.0,0.0,,0.7,3.0,14.0,,,,,,,,,,,,,,,,12.1,10.4,0.5
291,362,"Carne, bovina, fraldinha, com gordura, crua",65.4,221.0,924.0,17.6,16.1,54.0,0.0,,0.9,3.0,16.0,0.0,131.0,1.5,51.0,274.0,0.04,4.2,5.0,5.0,5.0,0.08,0.07,0.03,3.56,,7.3,6.5,0.3
292,363,"Carne, bovina, lagarto, cozido",57.6,222.0,931.0,32.9,9.1,56.0,0.0,,0.9,4.0,13.0,,,,,,,,,,,,,,,,3.9,4.0,0.2
293,364,"Carne, bovina, lagarto, cru",71.0,135.0,564.0,20.5,5.2,56.0,0.0,,1.1,3.0,20.0,,,,,,,,,,,,,,,,2.3,2.3,0.1
294,365,"Carne, bovina, língua, cozida",53.4,315.0,1318.0,21.4,24.8,105.0,0.0,,0.7,6.0,12.0,0.01,136.0,2.1,59.0,175.0,0.08,4.1,,,,,0.08,,1.83,,11.2,10.3,0.5
295,366,"Carne, bovina, língua, crua",65.0,215.0,901.0,17.1,15.8,118.0,0.0,,0.8,5.0,15.0,0.02,164.0,1.7,73.0,251.0,0.09,2.9,,,,0.05,0.04,,1.18,,6.8,6.8,0.3
296,367,"Carne, bovina, maminha, crua",70.0,153.0,639.0,20.9,7.0,51.0,0.0,,1.0,3.0,16.0,,,,,,,,,,,,,,,,3.1,3.1,0.1
297,368,"Carne, bovina, maminha, grelhada",65.3,153.0,641.0,30.7,2.4,88.0,0.0,,1.4,4.0,21.0,,,,,,,,,,,,,,,,9.7,7.7,0.2
298,369,"Carne, bovina, miolo de alcatra, sem gordura, cru",69.5,163.0,681.0,21.6,7.8,60.0,0.0,,1.0,3.0,20.0,0.01,165.0,2.0,43.0,299.0,0.06,3.0,4.0,4.0,4.0,0.12,0.07,,3.59,,3.4,3.3,0.1
299,37,"Lasanha, massa fresca, cozida",59.6,164.0,685.0,5.8,1.2,,32.5,1.6,0.9,10.0,4.0,0.2,42.0,1.2,207.0,54.0,0.07,0.4,,,,0.04,,,3.96,,0.6,0.4,0.1
300,370,"Carne, bovina, miolo de alcatra, sem gordura, grelhado",52.4,241.0,1010.0,31.9,11.6,92.0,0.0,,1.2,5.0,26.0,0.02,279.0,3.2,52.0,385.0,0.11,4.8,,,,0.03,0.05,0.05,4.66,,5.1,4.9,0.3
301,371,"Carne, bovina, músculo, sem gordura, cozido",62.8,194.0,811.0,31.2,6.7,56.0,0.0,,0.9,5.0,13.0,,,,,,,,,,,,,,,,2.9,2.8,0.1
302,372,"Carne, bovina, músculo, sem gordura, cru",72.4,,592.0,21.6,5.5,51.0,0.0,,1.0,4.0,17.0,,,,,,,,,,,,,,,,2.2,,0.1
303,373,"Carne, bovina, paleta, com gordura, crua",70.6,159.0,664.0,21.4,7.5,58.0,0.0,,0.9,4.0,14.0,,,,,,,,,,,,,,,,3.5,2.9,0.2
304,374,"Carne, bovina, paleta, sem gordura, cozida",62.9,194.0,810.0,29.7,7.4,56.0,0.0,,0.8,6.0,18.0,,,,,,,,,,,,,,,,3.4,3.0,0.2
305,375,"Carne, bovina, paleta, sem gordura, crua",72.1,141.0,590.0,21.0,5.7,42.0,0.0,,1.0,4.0,18.0,,,,,,,,,,,,,,,,2.7,2.1,0.1
306,376,"Carne, bovina, patinho, sem gordura, cru",72.9,133.0,558.0,21.7,4.5,56.0,0.0,,1.0,3.0,20.0,0.01,170.0,1.8,49.0,318.0,0.05,4.5,2.0,2.0,2.0,0.11,0.08,,3.61,,2.0,1.9,0.2
307,377,"Carne, bovina, patinho, sem gordura, grelhado",55.2,219.0,917.0,35.9,7.3,126.0,0.0,,1.3,5.0,27.0,0.02,289.0,3.0,60.0,421.0,0.12,8.1,,,,0.04,0.03,,3.01,,3.1,3.1,0.3
308,378,"Carne, bovina, peito, sem gordura, cozido",51.2,338.0,1416.0,22.2,27.0,100.0,0.0,,0.7,4.0,14.0,,,,,,,,,,,,,,,,11.7,11.5,0.4
309,379,"Carne, bovina, peito, sem gordura, cru",61.5,259.0,1085.0,17.6,20.4,59.0,0.0,,0.9,4.0,15.0,,,,,,,,,,,,,,,,8.2,9.2,0.5
310,38,"Lasanha, massa fresca, crua",45.0,220.0,922.0,7.0,1.3,,45.1,1.6,1.6,17.0,13.0,0.34,82.0,1.9,667.0,137.0,0.1,0.8,,,,0.08,,,,,0.5,0.4,0.4
311,380,"Carne, bovina, picanha, com gordura, crua",65.6,213.0,891.0,18.8,14.7,60.0,0.0,,0.9,2.0,14.0,,,,,,,,,,,,,,,,6.1,6.7,0.3
312,381,"Carne, bovina, picanha, com gordura, grelhada",53.4,289.0,1208.0,26.4,19.5,92.0,0.0,,1.1,4.0,24.0,,,,,,,,,,,,,,,,7.9,9.2,0.4
313,382,"Carne, bovina, picanha, sem gordura, crua",72.4,134.0,559.0,21.3,4.7,75.0,0.0,,1.0,3.0,20.0,,,,,,,,,,,,,,,,,,
314,383,"Carne, bovina, picanha, sem gordura, grelhada",54.6,238.0,998.0,31.9,11.3,100.0,0.0,,1.2,4.0,25.0,0.02,282.0,3.6,61.0,377.0,0.17,6.7,,,,,0.08,0.03,1.82,,4.5,5.2,0.3
315,384,"Carne, bovina, seca, cozida",47.2,313.0,1309.0,26.9,21.9,100.0,0.0,,4.7,13.0,12.0,0.02,82.0,1.9,1943.0,86.0,0.03,7.7,,,,,0.06,,2.32,,10.5,8.3,0.4
316,385,"Carne, bovina, seca, crua",39.2,313.0,1309.0,19.7,25.4,92.0,0.0,,15.3,14.0,12.0,0.01,100.0,1.3,4440.0,190.0,,3.7,,,,,0.07,,2.83,,8.7,7.5,0.3
317,386,"Coxinha de frango, frita",42.2,283.0,1184.0,9.6,11.8,15.0,34.5,5.0,1.8,18.0,17.0,0.28,93.0,1.3,532.0,166.0,0.09,0.5,,,,0.09,,,2.6,,2.6,3.4,4.7
318,387,"Croquete, de carne, cru",56.0,246.0,1028.0,12.0,15.6,30.0,13.9,,2.5,15.0,24.0,0.34,144.0,2.5,711.0,221.0,0.1,2.7,,,,0.11,0.04,,1.95,,,,
319,388,"Croquete, de carne, frito",39.2,347.0,1451.0,16.9,22.7,38.0,18.1,,3.1,18.0,30.0,0.39,176.0,2.3,916.0,313.0,0.09,3.3,,,,0.14,0.04,,4.77,,5.1,7.4,11.5
320,389,"Empada de frango, pré-cozida, assada",28.2,358.0,,6.9,15.6,23.0,47.5,2.2,1.8,16.0,18.0,0.32,78.0,1.2,525.0,138.0,0.07,0.6,,,,0.12,,,,,,,
321,39,"Macarrão, instantâneo",6.0,436.0,1824.0,8.8,17.2,,62.4,5.6,5.6,18.0,19.0,0.25,112.0,0.8,1516.0,148.0,0.1,0.5,,,,1.18,0.04,0.53,9.37,,,,
322,390,"Empada, de frango, pré-cozida",32.0,377.0,1579.0,7.3,22.9,23.0,35.5,2.2,2.2,14.0,17.0,0.25,78.0,0.7,771.0,156.0,0.09,0.5,,,,0.11,,0.03,,,5.4,5.2,1.4
323,391,"Frango, asa, com pele, crua",67.5,213.0,892.0,18.1,15.1,113.0,0.0,,0.7,11.0,23.0,0.01,155.0,0.6,96.0,211.0,0.02,1.2,10.0,10.0,10.0,0.11,0.04,,2.58,,4.4,6.6,3.0
324,392,"Frango, caipira, inteiro, com pele, cozido",59.7,243.0,1016.0,23.9,15.6,110.0,0.0,,0.8,17.0,18.0,0.01,162.0,1.7,56.0,210.0,0.08,1.7,16.0,16.0,16.0,0.03,,,6.33,,4.4,7.5,2.3
325,393,"Frango, caipira, inteiro, sem pele, cozido",61.4,196.0,819.0,29.6,7.7,106.0,0.0,,1.1,66.0,23.0,0.02,210.0,2.1,53.0,224.0,0.15,2.7,6.0,6.0,6.0,0.03,0.03,,9.2,,2.2,3.4,1.2
326,394,"Frango, coração, cru",69.1,222.0,927.0,12.6,18.6,159.0,0.0,,0.8,6.0,20.0,0.05,193.0,4.1,95.0,220.0,0.2,2.0,9.0,9.0,9.0,0.23,0.35,,3.39,,4.9,6.3,3.4
327,395,"Frango, coração, grelhado",63.5,207.0,867.0,22.4,12.1,280.0,0.6,,1.3,8.0,20.0,0.06,276.0,6.5,128.0,243.0,0.3,3.4,,,,0.2,0.19,,9.7,,3.5,4.3,1.6
328,396,"Frango, coxa, com pele, assada",59.8,215.0,900.0,28.5,10.4,145.0,0.1,,1.3,8.0,14.0,,,,,,,,,,,,,,,,3.1,3.8,2.2
329,397,"Frango, coxa, com pele, crua",72.9,161.0,676.0,17.1,9.8,97.0,0.0,,0.8,8.0,26.0,0.02,185.0,0.7,95.0,275.0,0.03,2.0,10.0,10.0,10.0,0.16,0.05,,2.04,,3.0,4.1,2.2
330,398,"Frango, coxa, sem pele, cozida",66.7,167.0,701.0,26.9,5.8,133.0,0.0,,0.9,12.0,11.0,,,,,,,,,,,,,,,,2.0,2.1,1.1
331,399,"Frango, coxa, sem pele, crua",76.4,120.0,502.0,17.8,4.9,91.0,0.0,,0.9,8.0,27.0,0.02,196.0,0.8,98.0,291.0,0.03,2.2,12.0,12.0,12.0,0.17,0.05,,3.53,,1.6,2.1,0.8
332,4,"Arroz, tipo 1, cru",13.2,358.0,1497.0,7.2,0.3,,78.8,1.6,0.5,4.0,30.0,1.03,104.0,0.7,1.0,62.0,0.11,1.2,,,,0.16,,0.07,1.12,,0.1,0.1,0.1
333,40,"Macarrão, trigo, cru",10.2,371.0,1553.0,10.0,1.3,,77.9,2.9,0.5,17.0,28.0,0.53,100.0,0.9,7.0,147.0,0.15,0.8,,,,0.18,0.02,,3.57,,,,
334,400,"Frango, fígado, cru",77.8,106.0,446.0,17.6,3.5,341.0,0.0,,1.2,6.0,28.0,0.35,344.0,9.5,82.0,281.0,0.26,3.7,3863.0,3863.0,3863.0,0.62,0.56,,6.36,,1.3,0.7,0.6
335,401,"Frango, filé, à milanesa",54.9,221.0,924.0,28.5,7.8,84.0,7.5,1.1,1.3,9.0,35.0,0.06,249.0,1.1,122.0,408.0,0.05,0.8,7.0,7.0,7.0,0.05,0.04,0.52,11.07,,1.6,2.4,3.3
336,402,"Frango, inteiro, com pele, cru",66.5,226.0,947.0,16.4,17.3,85.0,0.0,,0.7,6.0,24.0,0.01,174.0,0.6,63.0,217.0,0.04,1.1,7.0,7.0,7.0,0.08,0.03,,3.28,,5.2,7.2,3.9
337,403,"Frango, inteiro, sem pele, assado",63.2,187.0,784.0,28.0,7.5,111.0,0.0,,1.2,9.0,14.0,,,,,,,,,,,,,,,,2.1,2.6,1.8
338,404,"Frango, inteiro, sem pele, cozido",67.5,170.0,713.0,25.0,7.1,99.0,0.0,,0.9,8.0,12.0,,,,,,,,,,,,,,,,2.2,2.5,1.5
339,405,"Frango, inteiro, sem pele, cru",74.9,129.0,540.0,20.6,4.6,78.0,0.0,,0.9,7.0,27.0,0.01,190.0,0.5,73.0,238.0,0.03,1.2,4.0,4.0,4.0,0.12,0.03,,3.28,,1.4,1.9,1.0
340,406,"Frango, peito, com pele, assado",58.5,212.0,886.0,33.4,7.6,109.0,0.0,,1.5,8.0,18.0,0.01,297.0,0.5,56.0,380.0,0.01,1.0,6.0,6.0,6.0,0.12,,,15.8,,2.2,2.7,1.8
341,407,"Frango, peito, com pele, cru",71.9,149.0,625.0,20.8,6.7,80.0,0.0,,0.9,8.0,28.0,0.01,213.0,0.4,62.0,252.0,0.05,0.6,4.0,4.0,4.0,0.09,,,2.58,,2.2,3.2,0.9
342,408,"Frango, peito, sem pele, cozido",65.6,163.0,681.0,31.5,3.2,89.0,0.0,,1.0,6.0,14.0,,,,,,,,,,,,,,,,1.1,1.1,0.6
343,409,"Frango, peito, sem pele, cru",74.8,119.0,499.0,21.5,3.0,59.0,0.0,,1.0,7.0,31.0,0.01,222.0,0.4,56.0,267.0,0.03,0.7,2.0,2.0,2.0,0.1,,,5.86,,1.1,1.3,
344,41,"Macarrão, trigo, cru, com ovos",10.6,371.0,1550.0,10.3,2.0,18.0,76.6,2.3,0.5,19.0,,0.4,118.0,0.9,15.0,134.0,0.14,0.8,,,,0.11,0.05,0.03,4.37,,0.5,0.4,0.8
345,410,"Frango, peito, sem pele, grelhado",63.8,159.0,666.0,32.0,2.5,89.0,0.0,,1.4,5.0,18.0,,,,,,,,,,,,,,,,0.9,0.9,0.3
346,411,"Frango, sobrecoxa, com pele, assada",55.0,260.0,1086.0,28.7,15.2,158.0,0.0,,1.3,11.0,15.0,,,,,,,,,,,,,,,,4.2,5.4,3.9
347,412,"Frango, sobrecoxa, com pele, crua",63.6,255.0,1065.0,15.5,20.9,88.0,0.0,,0.8,7.0,22.0,0.01,154.0,0.7,68.0,190.0,0.05,1.3,7.0,7.0,7.0,0.09,0.06,,3.4,,6.5,9.6,3.6
348,413,"Frango, sobrecoxa, sem pele, assada",55.6,233.0,974.0,29.2,12.0,145.0,0.0,,1.5,12.0,17.0,,,,,,,,,,,,,,,,3.3,4.2,3.1
349,414,"Frango, sobrecoxa, sem pele, crua",72.7,162.0,677.0,17.6,9.6,84.0,0.0,,0.9,6.0,26.0,0.02,187.0,0.9,80.0,241.0,0.06,1.7,4.0,4.0,4.0,0.12,0.06,,4.06,,3.0,4.5,1.6
350,415,"Hambúrguer, bovino, cru",63.6,215.0,899.0,13.2,16.2,70.0,4.2,,2.9,34.0,25.0,0.36,141.0,1.9,869.0,383.0,0.16,1.7,,,,0.06,0.08,0.04,3.53,,5.7,5.8,0.8
351,416,"Hambúrguer, bovino, frito",52.5,258.0,1081.0,20.0,17.0,49.0,6.3,,4.2,62.0,60.0,0.52,324.0,3.0,1252.0,660.0,0.17,3.2,,,,0.13,0.06,,2.73,,5.9,6.0,3.7
352,417,"Hambúrguer, bovino, grelhado",59.2,210.0,878.0,13.2,12.4,59.0,11.3,,3.9,56.0,48.0,0.4,263.0,2.6,1090.0,538.0,0.18,3.0,,,,0.18,0.06,,5.77,,5.1,4.8,1.2
353,418,"Lingüiça, frango, crua",64.8,218.0,913.0,14.2,17.4,64.0,0.0,,3.3,11.0,19.0,0.05,182.0,0.5,1126.0,280.0,0.05,0.7,,,,0.11,0.05,,4.6,,5.2,7.3,3.5
354,419,"Lingüiça, frango, frita",59.6,245.0,1027.0,18.3,18.5,76.0,0.0,,3.8,15.0,29.0,0.1,262.0,0.8,1374.0,364.0,0.04,1.2,,,,0.11,0.05,,5.67,,5.0,7.2,4.3
355,42,"Milho, amido, cru",12.2,361.0,1512.0,0.6,,,87.1,0.7,0.1,1.0,3.0,0.02,13.0,0.1,8.0,9.0,0.02,0.1,,,,,,,,,,,
356,420,"Lingüiça, frango, grelhada",58.6,244.0,1019.0,18.2,18.4,80.0,0.0,,3.8,14.0,21.0,0.1,228.0,0.7,1351.0,356.0,0.09,1.0,,,,0.12,0.04,,5.97,,4.7,6.8,3.4
357,421,"Lingüiça, porco, crua",62.5,227.0,951.0,16.1,17.6,53.0,0.0,,3.2,6.0,14.0,0.01,157.0,0.4,1176.0,316.0,0.04,1.4,,,,0.49,0.05,,2.6,,4.0,5.0,1.7
358,422,"Lingüiça, porco, frita",54.6,280.0,1170.0,20.5,21.3,75.0,0.0,,3.9,8.0,18.0,0.01,211.0,0.9,1432.0,409.0,0.06,3.1,,,,0.41,0.07,,5.83,,6.5,8.2,2.7
359,423,"Lingüiça, porco, grelhada",50.5,296.0,1241.0,23.2,21.9,82.0,0.0,,4.0,8.0,19.0,0.01,210.0,1.0,1456.0,427.0,0.07,3.5,,,,0.4,0.07,,6.6,,7.0,8.7,2.6
360,424,Mortadela,56.4,269.0,1125.0,12.0,21.6,83.0,5.8,,4.1,67.0,19.0,0.11,216.0,1.5,1212.0,247.0,0.08,1.0,25.0,,,0.14,0.06,,3.0,,6.1,8.1,4.7
361,425,"Peru, congelado, assado",65.3,163.0,682.0,26.2,5.7,91.0,0.0,,2.2,14.0,12.0,0.02,197.0,0.6,628.0,175.0,0.03,1.2,,,,0.06,,,6.23,,1.6,1.2,1.4
362,426,"Peru, congelado, cru",78.2,94.0,392.0,18.1,1.8,68.0,0.0,,2.5,10.0,19.0,,,,,,,,,,,,,,,,0.4,0.4,0.7
363,427,"Porco, bisteca, crua",67.7,164.0,687.0,21.5,8.0,56.0,0.0,,1.0,6.0,24.0,,,,,,,,,,,,,,,,3.5,3.9,1.2
364,428,"Porco, bisteca, frita",47.3,311.0,1302.0,33.7,18.5,126.0,0.0,,1.6,69.0,29.0,0.01,290.0,0.8,63.0,404.0,0.07,2.2,10.0,10.0,10.0,0.34,,,3.25,,6.0,6.6,4.6
365,429,"Porco, bisteca, grelhada",51.8,280.0,1172.0,28.9,17.4,82.0,0.0,,1.2,34.0,25.0,,,,,,,,,,,,,,,,7.5,7.7,1.2
366,43,"Milho, fubá, cru",11.5,353.0,1479.0,7.2,1.9,,78.9,4.7,0.6,3.0,41.0,0.34,108.0,0.9,,168.0,0.08,1.1,,,,0.25,,,0.75,,0.4,0.9,1.3
367,430,"Porco, costela, assada",36.9,402.0,1683.0,30.2,30.3,113.0,0.0,,1.4,17.0,14.0,,,,,,,,,,,,,,,,11.8,13.9,3.1
368,431,"Porco, costela, crua",61.2,256.0,1069.0,18.0,19.8,69.0,0.0,,0.9,15.0,18.0,,,,,,,,,,,,,,,,7.4,8.3,2.3
369,432,"Porco, lombo, assado",56.6,210.0,880.0,35.7,6.4,103.0,0.0,,1.4,20.0,18.0,,,,,,,,,,,,,,,,2.6,2.9,0.7
370,433,"Porco, lombo, cru",67.7,176.0,735.0,22.6,8.8,55.0,0.0,,1.0,4.0,24.0,,,,,,,,,,,,,,,,3.3,3.7,1.0
371,434,"Porco, orelha, salgada, crua",59.7,258.0,1082.0,18.5,19.9,83.0,0.0,,2.0,5.0,2.0,0.01,31.0,1.4,616.0,228.0,0.23,0.6,,,,0.07,0.03,,,,7.3,11.2,2.8
372,435,"Porco, pernil, assado",49.3,262.0,1097.0,32.1,13.9,110.0,0.0,,1.4,18.0,27.0,0.01,247.0,1.3,62.0,395.0,0.09,3.3,,,,0.77,0.09,,6.57,,4.8,6.4,1.9
373,436,"Porco, pernil, cru",67.1,186.0,778.0,20.1,11.1,59.0,0.0,,1.0,13.0,23.0,,,,,,,,,,,,,,,,4.2,5.0,1.7
374,437,"Porco, rabo, salgado, cru",43.8,377.0,1579.0,15.6,34.5,89.0,0.0,,3.5,22.0,4.0,0.01,42.0,0.6,1158.0,24.0,0.05,1.4,,,,0.2,0.06,,1.43,,11.6,16.7,4.3
375,438,"Presunto, com capa de gordura",73.9,128.0,535.0,14.4,6.8,40.0,1.4,,3.5,12.0,17.0,0.04,274.0,0.7,1021.0,295.0,0.04,1.3,,,,0.62,0.03,,3.78,,1.9,2.6,1.0
376,439,"Presunto, sem capa de gordura",77.2,94.0,392.0,14.3,2.7,36.0,2.1,,3.7,23.0,18.0,0.04,244.0,0.8,1039.0,307.0,0.04,1.5,,,,0.5,0.03,,4.0,,0.9,1.1,0.5
377,44,"Milho, verde, cru",63.5,138.0,578.0,6.6,0.6,,28.6,3.9,0.7,2.0,33.0,0.12,113.0,0.4,1.0,185.0,0.05,0.5,,,,0.3,,0.04,,,0.2,0.2,0.6
378,440,"Quibe, assado",69.0,136.0,570.0,14.6,2.7,34.0,12.9,1.9,0.9,16.0,36.0,0.76,174.0,2.2,40.0,288.0,0.51,4.1,,,,0.04,0.04,,1.81,,1.2,0.9,0.3
379,441,"Quibe, cru",74.5,109.0,458.0,12.4,1.7,27.0,10.8,1.6,0.7,12.0,26.0,0.39,126.0,1.7,39.0,242.0,0.13,2.8,,,,0.09,0.03,,1.2,,0.7,0.7,0.3
380,442,"Quibe, frito",54.0,254.0,1062.0,14.9,15.8,38.0,12.3,,3.0,22.0,39.0,0.72,166.0,2.0,836.0,322.0,0.16,2.8,,,,0.12,0.1,,1.5,,4.6,5.0,5.0
381,443,Salame,34.7,398.0,1665.0,25.8,30.6,85.0,2.9,,5.9,87.0,30.0,0.03,354.0,1.3,1574.0,548.0,0.05,3.2,,,,0.88,0.23,,12.49,,9.6,12.1,4.7
382,444,"Toucinho, cru",27.6,593.0,2479.0,11.5,60.3,73.0,0.0,,0.3,2.0,4.0,,,,,,,,,,,,,,,,17.7,20.1,10.1
383,445,"Toucinho, frito",6.3,697.0,2914.0,27.3,64.3,89.0,0.0,,0.7,9.0,9.0,0.01,95.0,0.9,125.0,171.0,0.1,0.8,,,,,,,5.03,,20.0,26.2,14.6
384,446,"Bebida láctea, pêssego",87.7,55.0,231.0,2.1,1.9,5.0,7.6,0.3,0.7,89.0,9.0,,,,,,,,,,,,,,,,1.1,0.6,
385,447,Creme de Leite,70.9,221.0,927.0,1.5,22.5,66.0,4.5,,0.6,83.0,8.0,0.01,118.0,0.3,52.0,119.0,0.02,0.3,128.0,,,,0.1,,0.0,,11.8,5.1,0.5
386,448,"Iogurte, natural",90.0,51.0,215.0,4.1,3.0,14.0,1.9,,0.9,143.0,11.0,,,,,,,,,,,,,,,,1.8,0.9,0.1
387,449,"Iogurte, natural, desnatado",89.2,41.0,174.0,3.8,0.3,3.0,5.8,,0.9,157.0,12.0,,,,,,,,,,,,,,,,0.2,0.1,
388,45,"Milho, verde, enlatado, drenado",76.2,98.0,408.0,3.2,2.4,,17.1,4.6,1.1,2.0,20.0,0.09,61.0,0.6,260.0,162.0,0.05,0.5,,,,,0.05,,3.74,1.7,0.6,0.8,0.9
389,451,"Iogurte, sabor morango",84.6,70.0,291.0,2.7,2.3,7.0,9.7,0.2,0.6,101.0,8.0,,,,,,,,,,,,,,,,1.4,0.7,0.1
390,452,"Iogurte, sabor pêssego",85.1,68.0,284.0,2.5,2.3,8.0,9.4,0.7,0.6,95.0,8.0,,,,,,,,,,,,,,,,1.4,0.6,0.1
391,453,"Leite, condensado",27.0,313.0,1308.0,7.7,6.7,28.0,57.0,,1.6,246.0,22.0,,,,,,,,,,,,,,,,4.2,1.7,0.2
392,454,"Leite, de cabra",87.1,66.0,278.0,3.1,3.8,14.0,5.2,,0.9,112.0,10.0,,,,,,,,,,,,,,,,2.4,0.8,0.1
393,455,"Leite, de vaca, achocolatado",80.9,83.0,347.0,2.1,2.2,6.0,14.2,0.6,0.7,70.0,13.0,0.05,71.0,0.5,72.0,155.0,0.04,0.3,39.0,,,0.07,0.29,0.14,1.23,3.3,1.1,0.6,0.1
394,456,"Leite, de vaca, desnatado, pó",3.1,362.0,1513.0,34.7,0.9,25.0,53.0,,8.2,1363.0,109.0,,,,,,,,,,,,,,,,0.6,0.2,
395,458,"Leite, de vaca, integral",,,,,,,,,,,,,,,,,,,,,,,,,,,1.4,0.7,0.1
396,459,"Leite, de vaca, integral, pó",2.7,497.0,2078.0,25.4,26.9,85.0,39.2,,5.8,890.0,77.0,,,,,,,,,,,,,,,,16.3,7.1,0.5
397,46,"Mingau tradicional, pó",8.1,373.0,1562.0,0.6,0.4,,89.3,0.9,1.6,522.0,4.0,,,,,,,,,,,,,,,,0.1,,0.1
398,460,"Leite, fermentado",81.9,70.0,291.0,1.9,0.1,2.0,15.7,,0.5,72.0,6.0,0.02,63.0,,33.0,94.0,0.01,0.3,,,,0.08,0.11,,,0.5,,,
399,461,"Queijo, minas, frescal",56.1,264.0,1106.0,17.4,20.2,62.0,3.2,,3.0,579.0,7.0,0.02,123.0,0.9,31.0,105.0,,0.3,161.0,,,,0.25,,,,11.4,5.8,0.4
400,462,"Queijo, minas, meia cura",47.1,321.0,1342.0,21.2,24.6,76.0,3.6,,3.5,696.0,27.0,0.02,403.0,0.2,501.0,120.0,0.07,2.7,111.0,,,0.03,0.32,,,,13.2,5.6,0.3
401,463,"Queijo, mozarela",45.3,330.0,1380.0,22.6,25.2,80.0,3.0,,3.8,875.0,24.0,0.03,470.0,0.3,581.0,62.0,0.08,3.5,109.0,,,,0.2,,,,14.2,6.0,0.5
402,464,"Queijo, parmesão",21.2,453.0,1895.0,35.6,33.5,106.0,1.7,,8.0,992.0,33.0,0.05,745.0,0.5,1844.0,96.0,0.17,4.4,66.0,,,,0.44,0.23,,,19.7,8.7,0.4
403,465,"Queijo, pasteurizado",54.4,303.0,1268.0,9.4,27.4,82.0,5.7,,3.1,323.0,16.0,0.01,578.0,0.3,780.0,194.0,0.05,1.3,57.0,,,,0.2,,,,15.9,7.3,0.4
404,466,"Queijo, petit suisse, morango",72.2,121.0,507.0,5.8,2.8,12.0,18.5,,0.7,731.0,27.0,0.02,448.0,0.1,412.0,121.0,0.01,2.7,273.0,,,0.22,0.27,0.21,2.68,,1.6,0.8,
405,467,"Queijo, prato",42.4,360.0,1506.0,22.7,29.1,91.0,1.9,,3.9,940.0,28.0,0.03,461.0,0.3,580.0,73.0,0.1,3.5,123.0,,,,0.22,,,,16.3,6.8,0.5
406,468,"Queijo, requeijão, cremoso",62.5,257.0,1074.0,9.6,23.4,74.0,2.4,,2.0,259.0,12.0,0.02,448.0,0.1,558.0,93.0,0.05,1.3,195.0,,,,0.19,,,,13.7,6.4,0.3
407,469,"Queijo, ricota",73.6,140.0,585.0,12.6,8.1,49.0,3.8,,1.9,253.0,12.0,,,,,,,,,,,,,,,,4.5,2.4,0.2
408,47,"Pamonha, barra para cozimento, pré-cozida",61.3,,716.0,2.6,4.8,,30.7,2.4,0.6,4.0,15.0,0.12,55.0,0.4,132.0,125.0,0.03,0.4,,,,,,,,,0.5,,1.4
409,470,"Bebida isotônica, sabores variados",93.5,26.0,107.0,0.0,0.0,,6.4,,0.1,1.0,,,,,,,,,,,,,,,,,,,
410,471,"Café, infusão 10%",97.4,9.0,38.0,0.7,0.1,,1.5,,0.4,3.0,10.0,0.04,9.0,,1.0,156.0,0.01,,,,,,,,,,,,
411,473,"Cana, caldo de",81.7,65.0,273.0,,,,18.2,0.1,0.1,9.0,12.0,0.21,5.0,0.8,,18.0,0.01,0.1,,,,,,0.03,,2.8,,,
412,474,"Cerveja, pilsen 2",92.4,41.0,170.0,0.6,,,3.3,,0.1,5.0,7.0,0.01,19.0,,4.0,29.0,,,,,,,,0.14,2.92,,,,
413,475,"Chá, erva-doce, infusão 5%",99.6,1.0,6.0,0.0,0.0,,0.4,,0.0,2.0,1.0,0.01,1.0,,1.0,10.0,0.01,,,,,1.23,0.23,,,,,,
414,476,"Chá, mate, infusão 5%",99.3,3.0,11.0,0.0,0.1,,0.6,,0.0,1.0,2.0,0.27,,,,5.0,,,,,,0.89,,,,,,,
415,477,"Chá, preto, infusão 5%",99.4,2.0,9.0,0.0,0.0,,0.6,,0.0,0.0,1.0,0.09,2.0,,,13.0,,,,,,3.11,0.48,,,,,,
416,478,"Coco, água de",94.3,22.0,90.0,0.0,0.0,,5.3,0.1,0.5,19.0,5.0,0.25,4.0,,2.0,162.0,,,,,,0.01,,,,2.4,,,
417,479,"Refrigerante, tipo água tônica",92.0,31.0,129.0,0.0,0.0,,8.0,,0.0,1.0,,,,,,,,,,,,,,,,,,,
418,48,"Pão, aveia, forma",19.9,343.0,1435.0,12.4,5.7,,59.6,6.0,2.5,109.0,57.0,1.08,182.0,4.7,606.0,210.0,0.14,1.7,,,,0.09,0.03,0.08,,,1.1,1.0,1.6
419,480,"Refrigerante, tipo cola",91.3,34.0,140.0,0.0,0.0,,8.7,,0.1,1.0,,,,,,,,,,,,,,,,,,,
420,481,"Refrigerante, tipo guaraná",90.0,39.0,162.0,0.0,0.0,,10.0,,0.0,1.0,,,,,,,,,,,,,,,,,,,
421,482,"Refrigerante, tipo laranja",88.2,46.0,191.0,0.0,0.0,,11.8,,0.0,2.0,1.0,,,,,,,,,,,,,,,,,,
422,483,"Refrigerante, tipo limão",89.7,40.0,166.0,0.0,0.0,,10.3,,0.0,2.0,1.0,,,,,,,,,,,,,,,,,,
423,484,"Omelete, de queijo",60.5,268.0,1121.0,15.6,22.0,384.0,0.4,,1.5,166.0,14.0,0.03,314.0,1.4,216.0,127.0,0.03,1.4,59.0,,,0.03,0.24,,,,6.4,7.0,6.2
424,485,"Ovo, de codorna, inteiro, cru",71.7,177.0,740.0,13.7,12.7,568.0,0.8,,1.2,79.0,11.0,,,,,,,,,,,,,,,,8.9,12.1,2.7
425,486,"Ovo, de galinha, clara, cozida/10minutos",85.2,59.0,249.0,13.4,0.1,,0.0,,0.7,6.0,11.0,,,,,,,,,,,,,,,,,,
426,487,"Ovo, de galinha, gema, cozida/10minutos",50.0,353.0,1476.0,15.9,30.8,1272.0,1.6,,1.7,114.0,9.0,0.06,386.0,2.9,45.0,87.0,,2.9,148.0,,,0.18,0.22,,,,9.2,12.1,4.0
427,488,"Ovo, de galinha, inteiro, cozido/10minutos",75.8,146.0,610.0,13.3,9.5,397.0,0.6,,0.8,49.0,11.0,0.02,184.0,1.5,146.0,139.0,0.04,1.2,32.0,,,0.08,0.3,,,,2.9,3.8,1.1
428,489,"Ovo, de galinha, inteiro, cru",75.6,143.0,599.0,13.0,8.9,356.0,1.6,,0.8,42.0,13.0,,,,,,,,,,,,,,,,2.6,3.6,1.2
429,49,"Pão, de soja",26.0,309.0,1292.0,11.3,3.6,,56.5,5.7,2.5,90.0,48.0,0.57,153.0,3.3,663.0,296.0,0.16,1.5,,,,0.07,0.04,0.79,,,0.7,0.6,1.6
430,490,"Ovo, de galinha, inteiro, frito",63.5,240.0,1005.0,15.6,18.6,516.0,1.2,,1.1,73.0,16.0,0.03,422.0,2.1,166.0,184.0,0.04,1.5,94.0,,,0.06,0.32,,,,4.1,5.7,4.9
431,491,"Achocolatado, pó",1.1,401.0,1678.0,4.2,2.2,,91.2,3.9,1.4,44.0,77.0,0.55,200.0,5.4,65.0,496.0,0.56,1.0,796.0,,,1.38,1.02,1.52,4.99,,1.1,0.6,0.3
432,492,"Açúcar, cristal",0.1,387.0,1619.0,0.3,,,99.6,,,8.0,1.0,,,,,,,,,,,,,,,,,,
433,493,"Açúcar, mascavo",3.3,369.0,1542.0,0.8,0.1,,94.5,,1.4,127.0,80.0,2.03,38.0,8.3,25.0,522.0,0.17,0.5,,,,,0.03,,,,,,
434,494,"Açúcar, refinado",0.1,387.0,1617.0,0.3,,,99.5,,,4.0,1.0,,,,,,,,,,,,,,,,,,
435,495,"Chocolate, ao leite",1.3,540.0,2258.0,7.2,30.3,17.0,59.6,2.2,1.7,191.0,57.0,0.3,212.0,1.6,77.0,355.0,0.31,1.1,,,,0.05,0.22,0.59,0.63,,17.5,10.0,0.9
436,496,"Chocolate, ao leite, com castanha do Pará",1.2,,2338.0,7.4,34.2,16.0,55.4,2.5,1.8,171.0,80.0,0.36,303.0,1.5,64.0,431.0,0.45,1.3,36.0,,,0.04,0.24,,1.37,1.4,14.1,9.3,3.2
437,497,"Chocolate, ao leite, dietético",1.7,557.0,2330.0,6.9,33.8,13.0,56.3,2.8,1.3,188.0,67.0,0.41,276.0,3.3,85.0,458.0,0.43,1.1,7.0,,,0.31,0.25,,0.79,2.0,19.2,11.4,1.5
438,498,"Chocolate, meio amargo",1.0,475.0,1987.0,4.9,29.9,2.0,62.4,4.9,1.8,45.0,107.0,0.83,220.0,3.6,9.0,432.0,0.77,1.5,,,,0.2,0.04,,1.06,2.1,13.1,8.1,1.0
439,499,Cocada branca,3.4,449.0,1878.0,1.1,13.6,,81.4,3.6,0.5,7.0,17.0,0.36,396.0,1.2,29.0,183.0,0.2,0.4,,,,,,0.16,0.47,,8.4,0.4,0.1
440,5,"Arroz, tipo 2, cozido",68.7,130.0,544.0,2.6,0.4,,28.2,1.1,0.1,3.0,6.0,0.37,22.0,0.1,2.0,20.0,0.04,0.5,,,,,,,,,0.1,0.1,0.1
441,50,"Pão, glúten, forma",40.7,253.0,1059.0,12.0,2.7,,44.1,2.5,0.5,156.0,24.0,0.51,105.0,5.7,22.0,65.0,0.06,1.3,,,,0.04,0.03,,,,0.5,0.6,0.7
442,500,"Doce, de abóbora, cremoso",43.9,199.0,832.0,0.9,0.2,,54.6,2.3,0.4,13.0,6.0,0.01,14.0,0.9,,137.0,,,,,,0.08,,0.04,,0.1,,,
443,501,"Doce, de leite, cremoso",27.5,306.0,1282.0,5.5,6.0,20.0,59.5,,1.5,195.0,16.0,0.01,141.0,0.1,120.0,259.0,0.02,0.5,36.0,36.0,36.0,0.05,0.26,,,,1.3,3.9,2.0
444,502,"Geléia, mocotó, natural",73.5,106.0,444.0,2.1,0.1,,24.2,,0.1,4.0,1.0,,,,,,,,,,,,,,,,,,
445,503,Glicose de milho,20.4,292.0,1222.0,0.0,0.0,,79.4,,0.2,6.0,2.0,,,,,,,,,,,,,,,,,,
446,504,Maria mole,21.6,301.0,1260.0,3.8,0.2,,73.6,0.7,0.9,13.0,7.0,0.06,4.0,0.4,15.0,24.0,0.2,0.1,,,,0.04,,,,,,,
447,505,"Maria mole, coco queimado",20.7,307.0,1283.0,3.9,0.1,,75.1,0.6,0.2,19.0,6.0,0.09,5.0,0.5,14.0,36.0,0.03,0.1,,,,0.04,,,,,,,
448,506,Marmelada,28.5,257.0,1076.0,0.4,0.1,,70.8,4.1,0.2,11.0,6.0,0.06,20.0,0.7,11.0,83.0,0.09,0.1,,,,,,,,,,,
449,507,"Mel, de abelha",15.8,309.0,1294.0,0.0,0.0,,84.0,,0.1,10.0,6.0,0.38,4.0,0.3,6.0,99.0,,0.2,,,,0.11,,,,0.7,,,
450,508,Melado,22.1,297.0,1241.0,0.0,0.0,,76.6,,1.3,102.0,115.0,2.62,74.0,5.4,4.0,395.0,0.84,0.3,,,,,0.05,0.2,,,,,
451,509,Quindim,23.9,411.0,1721.0,4.7,24.4,271.0,46.3,3.2,0.6,37.0,15.0,0.25,168.0,1.4,27.0,111.0,0.1,1.1,76.0,,,,0.04,0.04,1.14,,11.3,4.8,4.7
452,51,"Pão, milho, forma",30.4,292.0,1222.0,8.3,3.1,6.0,56.4,4.3,1.8,78.0,29.0,0.37,110.0,3.0,507.0,89.0,0.1,0.8,,,,0.08,,0.08,,,0.6,0.6,1.0
453,510,Rapadura,7.1,352.0,1473.0,1.0,0.1,,90.8,,1.1,30.0,47.0,1.66,21.0,4.4,22.0,459.0,0.17,0.6,,,,,,0.04,,,,,
454,511,"Café, pó, torrado",2.9,419.0,1752.0,14.7,11.9,,65.8,51.2,4.7,107.0,165.0,2.58,169.0,8.1,1.0,1609.0,1.3,0.5,,,,,,,11.89,,5.3,1.1,4.9
455,512,"Capuccino, pó",2.6,417.0,1746.0,11.3,8.6,29.0,73.6,2.4,3.8,467.0,71.0,0.17,358.0,2.3,382.0,886.0,,1.1,52.0,,,,1.41,,,,4.0,1.6,0.1
456,513,"Fermento em pó, químico",7.1,90.0,375.0,0.5,0.1,,43.9,,48.5,,,,,,,,,,,,,,,,,,,,
457,514,"Fermento, biológico, levedura, tablete",71.9,90.0,376.0,17.0,1.5,,7.7,4.2,1.9,18.0,38.0,0.2,419.0,2.6,40.0,576.0,0.29,11.0,,,,0.3,0.36,,,,,,
458,515,"Gelatina, sabores variados, pó",1.2,380.0,1591.0,8.9,,,89.2,,0.6,27.0,2.0,0.03,2.0,0.3,235.0,7.0,,,,,,,,,,40.0,,,
459,516,"Sal, dietético",0.6,,,,,,,,99.4,,,,,,,,,,,,,,,,,,,,
460,517,"Sal, grosso",0.4,,,,,,,,,,,,,,,,,,,,,,,,,,,,
461,518,Shoyu,70.6,61.0,255.0,3.3,0.3,,11.6,,14.1,15.0,24.0,0.07,47.0,0.5,5024.0,165.0,,0.2,,,,0.83,0.06,0.15,2.1,,,,
462,519,Tempero a base de sal,7.7,21.0,89.0,2.7,0.3,,2.1,0.6,87.3,,,,,,,,,,,,,,,,,,,,
463,52,"Pão, trigo, forma, integral",34.7,253.0,1059.0,9.4,3.7,,49.9,6.9,2.3,132.0,60.0,1.62,193.0,3.0,506.0,163.0,0.15,1.6,,,,0.08,0.04,0.15,,,0.7,0.8,1.1
465,520,"Azeitona, preta, conserva",68.5,194.0,812.0,1.2,20.3,,5.5,4.6,4.5,59.0,5.0,,,,,,,,,,,,,,,,,,
466,521,"Azeitona, verde, conserva",76.3,137.0,573.0,0.9,14.2,,4.1,3.8,4.5,46.0,4.0,0.03,5.0,0.2,1347.0,20.0,0.14,0.1,,,,,,,,,2.3,8.3,1.0
467,522,"Chantilly, spray, com gordura vegetal",55.1,315.0,1318.0,0.5,27.3,,16.9,,0.2,2.0,1.0,,,,,,,,,,,,,,,,25.9,0.1,0.1
468,523,"Leite, de coco",78.0,166.0,695.0,1.0,18.4,,2.2,0.7,0.4,6.0,17.0,0.24,26.0,0.5,44.0,144.0,0.16,0.3,,,,,,,,,15.6,0.9,0.2
469,524,"Maionese, tradicional com ovos",58.4,302.0,1264.0,0.6,30.5,42.0,7.9,,2.6,3.0,1.0,,,,,,,,,,,,,,,,4.1,6.4,15.4
470,525,Acarajé,50.5,289.0,1210.0,8.3,19.9,25.0,19.1,9.4,2.1,124.0,51.0,0.59,142.0,1.9,305.0,354.0,0.23,1.2,,,,0.06,,,,,9.1,7.8,2.1
471,526,Arroz carreteiro,68.0,154.0,643.0,10.8,7.1,36.0,11.6,1.5,2.4,13.0,9.0,0.18,48.0,1.0,1622.0,87.0,0.08,2.7,,,,0.03,,0.07,1.6,,3.2,3.0,0.2
472,527,"Baião de dois, arroz e feijão-de-corda",69.1,136.0,568.0,6.2,3.2,4.0,20.4,5.1,1.1,33.0,19.0,0.27,72.0,0.6,93.0,157.0,0.08,0.6,,,,0.04,,0.04,,,0.6,1.0,1.5
473,528,Barreado,71.2,165.0,690.0,18.3,9.5,60.0,0.2,0.1,0.8,15.0,21.0,0.05,169.0,2.4,48.0,295.0,0.17,4.8,,,,0.03,0.04,,2.09,,3.3,4.3,1.4
474,529,"Bife à cavalo, com contra filé",54.2,291.0,1219.0,23.7,21.1,257.0,0.0,,1.1,26.0,19.0,0.02,216.0,2.1,83.0,272.0,0.06,3.2,37.0,,,0.05,0.1,,2.92,,7.9,8.2,3.3
475,53,"Pão, trigo, francês",28.5,300.0,1254.0,8.0,3.1,,58.6,2.3,1.8,16.0,25.0,0.46,95.0,1.0,648.0,142.0,0.13,0.8,3.0,,,0.39,0.67,0.6,2.34,,1.0,0.9,0.7
476,530,Bolinho de arroz,41.5,274.0,1144.0,8.0,8.3,70.0,41.7,2.7,0.5,24.0,13.0,0.42,87.0,2.1,59.0,96.0,0.13,0.9,,,,0.08,0.05,,,,1.8,2.5,3.5
477,531,Camarão à baiana,82.0,101.0,422.0,7.9,6.0,117.0,3.2,0.4,0.9,43.0,15.0,0.11,244.0,1.4,85.0,139.0,0.07,0.5,,,,,,,0.31,4.1,1.6,0.9,1.5
478,532,"Charuto, de repolho",81.5,78.0,327.0,6.8,1.1,21.0,10.1,1.5,0.4,23.0,13.0,0.22,68.0,0.9,12.0,184.0,1.45,1.8,,,,0.03,,,0.32,4.8,0.5,0.5,0.1
479,533,"Cuscuz, de milho, cozido com sal",71.1,113.0,475.0,2.2,0.7,,25.3,2.1,0.7,2.0,3.0,0.02,23.0,0.2,248.0,11.0,,0.2,,,,,,0.06,,,0.2,0.2,0.3
480,534,"Cuscuz, paulista",68.9,142.0,595.0,2.6,4.6,15.0,22.5,2.4,1.3,14.0,5.0,0.06,26.0,0.3,236.0,53.0,0.05,0.2,,,,,,,0.93,,1.8,1.8,0.8
481,535,"Cuxá, molho",81.0,80.0,335.0,5.6,3.6,58.0,5.7,3.0,4.0,105.0,34.0,0.23,111.0,0.9,1344.0,124.0,0.17,0.6,,33.0,16.0,0.04,,0.03,1.1,10.3,0.6,1.3,1.5
482,536,Dobradinha,75.3,125.0,521.0,19.8,4.4,144.0,0.0,,0.3,11.0,8.0,0.11,57.0,1.0,29.0,58.0,0.06,2.7,,,,,,,4.27,,2.5,1.2,0.1
483,537,Estrogonofe de carne,70.1,173.0,724.0,15.0,10.8,66.0,3.0,,1.1,28.0,22.0,0.03,186.0,2.7,123.0,322.0,0.14,2.0,28.0,,,0.06,0.05,,3.25,,5.3,3.3,0.9
484,538,Estrogonofe de frango,70.9,157.0,656.0,17.6,8.0,80.0,2.6,,1.0,26.0,25.0,0.03,195.0,1.5,99.0,307.0,0.12,0.6,28.0,,,0.07,0.04,0.03,3.37,,3.7,2.2,1.0
485,539,Feijão tropeiro mineiro,61.7,152.0,634.0,10.2,6.8,68.0,19.6,3.6,1.8,41.0,36.0,0.38,199.0,2.2,365.0,349.0,0.22,1.4,9.0,,,,,,1.44,,2.2,2.9,1.5
486,54,"Pão, trigo, sovado",25.8,311.0,1301.0,8.4,2.8,17.0,61.5,2.4,1.5,52.0,22.0,0.31,101.0,2.3,431.0,91.0,,2.7,,,,0.08,0.04,0.15,,,0.8,0.7,0.7
487,540,Feijoada,71.8,117.0,489.0,8.7,6.5,22.0,11.6,5.1,1.4,32.0,32.0,0.24,105.0,1.3,278.0,303.0,0.15,0.8,,,,0.08,0.03,,0.93,,1.9,2.6,1.6
488,541,"Frango, com açafrão",79.5,113.0,472.0,9.7,6.2,50.0,4.1,0.2,0.5,13.0,16.0,0.09,167.0,0.8,29.0,256.0,0.02,0.5,8.0,,,0.03,,,1.64,5.3,1.6,2.5,1.8
489,542,"Macarrão, molho bolognesa",71.4,120.0,500.0,4.9,0.9,7.0,22.5,0.8,0.2,11.0,10.0,0.22,54.0,1.4,9.0,84.0,0.09,0.8,,,,0.04,,,1.44,,0.3,0.3,0.3
490,543,Maniçoba,76.4,134.0,562.0,10.0,8.7,43.0,3.4,2.2,1.5,66.0,24.0,0.6,55.0,3.2,407.0,148.0,0.16,2.0,,222.0,111.0,0.04,0.07,0.05,2.58,,2.9,3.7,1.7
491,544,Quibebe,81.1,86.0,361.0,8.6,2.7,,6.6,1.7,1.0,8.0,10.0,0.05,43.0,0.8,247.0,153.0,0.61,1.6,,105.0,52.0,,0.03,0.04,,,1.0,1.1,0.2
492,545,"Salada, de legumes, com maionese",82.0,96.0,402.0,1.1,7.0,7.0,8.9,2.2,0.9,12.0,9.0,0.1,22.0,0.2,228.0,141.0,0.04,0.2,,283.0,141.0,0.04,,0.04,,,1.1,1.8,3.8
493,546,"Salada, de legumes, cozida no vapor",90.0,35.0,148.0,2.0,0.3,,7.1,2.5,0.6,33.0,19.0,0.24,45.0,0.4,3.0,244.0,0.17,0.3,,510.0,255.0,0.05,0.03,0.03,,29.4,0.1,,0.2
494,547,"Salpicão, de frango",72.5,148.0,619.0,13.9,7.8,53.0,4.6,0.4,1.1,9.0,13.0,0.03,103.0,0.3,248.0,149.0,0.08,0.4,,15.0,7.0,0.05,,,,9.3,1.3,2.1,4.0
495,548,Sarapatel,75.0,123.0,515.0,18.5,4.4,315.0,1.1,,1.1,12.0,13.0,0.1,164.0,7.2,216.0,199.0,1.48,1.8,1464.0,,,,0.11,,3.84,,1.4,1.1,0.7
496,549,Tabule,85.8,57.0,240.0,2.0,1.2,,10.6,2.1,0.4,19.0,18.0,0.37,35.0,0.6,1.0,188.0,0.12,0.6,,,,0.03,,,0.6,16.2,0.2,0.8,0.2
497,55,"Pastel, de carne, cru",34.4,289.0,1208.0,10.7,8.8,18.0,42.0,1.0,4.1,17.0,18.0,0.34,117.0,2.0,1309.0,166.0,0.11,1.7,,,,0.06,0.03,,1.58,,3.7,2.9,1.1
498,550,Tacacá,85.2,47.0,196.0,7.0,0.4,71.0,3.4,0.2,4.1,45.0,30.0,0.12,89.0,0.9,1349.0,240.0,0.22,0.8,,35.0,18.0,0.05,,,,,0.2,0.1,
499,551,"Tapioca, com manteiga",24.9,348.0,1455.0,0.1,10.9,31.0,63.6,,0.5,30.0,3.0,0.06,8.0,0.2,158.0,19.0,0.01,0.0,75.0,,,,,,,,6.0,3.0,0.2
500,552,"Tucupi, com pimenta-de-cheiro",91.9,27.0,114.0,2.1,0.3,,4.7,0.2,1.0,28.0,42.0,0.52,31.0,1.1,5.0,391.0,0.12,0.9,,51.0,25.0,,,0.05,,46.4,0.1,0.1,
501,553,Vaca atolada,75.0,145.0,606.0,5.1,9.3,19.0,10.1,2.3,0.5,63.0,16.0,0.04,72.0,0.7,26.0,220.0,0.12,1.2,,,,,,,0.77,,4.1,3.2,1.2
502,554,Vatapá,58.4,255.0,1066.0,6.0,23.2,44.0,9.7,1.7,2.7,47.0,39.0,0.48,108.0,1.4,880.0,209.0,0.28,0.9,,,,,,,1.8,,7.5,9.7,4.7
503,555,Virado à paulista,48.6,307.0,1284.0,10.2,25.6,66.0,14.1,2.2,1.5,41.0,22.0,0.15,135.0,1.1,346.0,237.0,0.07,1.0,10.0,,,0.14,0.05,,2.6,,8.3,10.6,5.1
504,556,Yakisoba,69.4,113.0,472.0,7.5,2.6,,18.3,1.1,2.2,14.0,13.0,0.15,83.0,0.6,794.0,159.0,0.06,0.7,,62.0,31.0,0.16,,,2.09,,0.6,0.9,1.0
505,557,"Amendoim, grão, cru",6.4,544.0,2276.0,27.2,43.9,,20.3,8.0,2.2,,171.0,1.96,407.0,2.5,,580.0,0.78,3.2,,,,0.1,0.03,0.76,10.18,,8.7,17.2,16.2
506,558,"Amendoim, torrado, salgado",1.7,606.0,2535.0,22.5,54.0,,18.7,7.8,3.2,39.0,159.0,1.7,261.0,1.3,376.0,496.0,0.68,2.1,,,,0.08,,0.21,7.47,,9.7,29.1,14.2
507,559,"Ervilha, em vagem",76.8,88.0,367.0,7.5,0.5,,14.2,9.7,1.0,24.0,42.0,0.4,152.0,1.4,,311.0,0.2,1.2,,,,0.27,0.07,0.06,1.16,12.4,,,
508,56,"Pastel, de carne, frito",22.9,388.0,1625.0,10.1,20.1,25.0,43.8,1.0,3.1,13.0,14.0,0.22,90.0,2.5,1040.0,156.0,0.12,1.2,,,,0.06,0.05,,1.83,,4.8,5.9,7.6
509,560,"Ervilha, enlatada, drenada",80.1,74.0,309.0,4.6,0.4,,13.4,5.1,1.4,22.0,23.0,0.46,79.0,1.4,372.0,147.0,0.14,0.9,,9.0,5.0,0.07,0.03,,,,0.1,0.1,0.2
510,561,"Feijão, carioca, cozido",80.4,76.0,320.0,4.8,0.5,,13.6,8.5,0.7,27.0,42.0,0.28,87.0,1.3,2.0,255.0,0.19,0.7,,,,0.04,,,,,0.1,0.1,0.3
511,562,"Feijão, carioca, cru",14.0,329.0,1377.0,20.0,1.3,,61.2,18.4,3.5,123.0,210.0,1.02,385.0,8.0,,1352.0,0.79,2.9,,,,0.17,,0.65,4.02,,0.2,0.1,0.9
512,563,"Feijão, fradinho, cozido",80.0,78.0,326.0,5.1,0.6,,13.5,7.5,0.8,17.0,38.0,0.53,85.0,1.1,1.0,253.0,0.1,1.1,,,,0.12,,,,,0.2,0.1,0.3
513,564,"Feijão, fradinho, cru",12.7,339.0,1419.0,20.2,2.4,,61.2,23.6,3.5,78.0,178.0,1.43,355.0,5.1,10.0,1083.0,0.7,3.9,,,,0.14,0.03,0.26,,,0.7,0.2,0.9
514,565,"Feijão, jalo, cozido",75.8,93.0,388.0,6.1,0.5,,16.5,13.9,1.0,29.0,44.0,0.32,121.0,1.9,1.0,348.0,0.24,1.0,,,,0.13,,0.04,,,0.1,0.1,0.3
515,566,"Feijão, jalo, cru",13.5,328.0,1372.0,20.1,0.9,,61.5,30.3,3.9,98.0,170.0,0.99,427.0,7.0,25.0,1276.0,0.95,3.0,,,,0.1,,0.12,,,0.3,0.2,0.6
516,567,"Feijão, preto, cozido",80.2,77.0,322.0,4.5,0.5,,14.0,8.4,0.8,29.0,40.0,0.37,88.0,1.5,2.0,256.0,0.2,0.7,,,,0.06,,0.03,,,0.1,0.1,0.3
517,568,"Feijão, preto, cru",14.9,324.0,1354.0,21.3,1.2,,58.8,21.8,3.8,111.0,188.0,1.32,471.0,6.5,,1416.0,0.83,2.9,,,,0.12,,0.59,4.6,,0.2,0.1,0.8
518,569,"Feijão, rajado, cozido",77.9,85.0,354.0,5.5,0.4,,15.3,9.3,0.9,29.0,42.0,0.29,113.0,1.4,1.0,315.0,0.23,0.9,,,,0.09,,0.04,,,0.1,,0.2
519,57,"Pastel, de queijo, cru",31.3,308.0,1291.0,9.9,9.6,14.0,45.9,1.1,3.3,155.0,16.0,0.24,168.0,1.0,985.0,103.0,0.1,1.0,,,,0.07,0.03,,,,,,
520,570,"Feijão, rajado, cru",15.0,326.0,1363.0,17.3,1.2,,62.9,24.0,3.7,111.0,170.0,1.17,335.0,18.6,14.0,1135.0,0.84,2.6,,,,0.07,0.03,0.07,,,0.4,0.1,0.8
521,571,"Feijão, rosinha, cozido",82.6,68.0,284.0,4.5,0.5,,11.8,4.8,0.6,19.0,43.0,0.46,90.0,1.2,2.0,241.0,0.09,1.3,,,,,,,3.69,,0.2,,0.2
522,572,"Feijão, rosinha, cru",12.0,337.0,1410.0,20.9,1.3,,62.2,20.6,3.6,68.0,184.0,1.08,394.0,5.3,24.0,1109.0,0.6,4.0,,,,0.16,0.03,,3.92,,0.6,0.1,0.7
523,573,"Feijão, roxo, cozido",80.0,77.0,322.0,5.7,0.5,,12.9,11.5,0.8,23.0,34.0,0.32,106.0,1.4,1.0,268.0,0.22,1.0,,,,0.15,,0.03,,,0.1,0.1,0.3
524,574,"Feijão, roxo, cru",12.6,331.0,1387.0,22.2,1.2,,60.0,33.8,4.0,120.0,162.0,1.34,394.0,6.9,10.0,1221.0,1.04,3.3,,,,0.26,,0.08,,,0.3,0.2,0.8
525,575,"Grão-de-bico, cru",12.3,355.0,1484.0,21.2,5.4,,57.9,12.4,3.2,114.0,146.0,3.16,342.0,5.4,5.0,1116.0,0.67,3.2,,,,0.52,,0.75,,,0.9,1.4,2.8
526,576,"Guandu, cru",11.4,344.0,1440.0,19.0,2.1,,64.0,21.3,3.5,129.0,166.0,1.02,269.0,1.9,2.0,1215.0,0.57,2.0,,,,1.06,,0.07,2.69,1.5,0.6,0.2,0.9
527,577,"Lentilha, cozida",76.3,93.0,388.0,6.3,0.5,,16.3,7.9,0.6,16.0,22.0,0.29,104.0,1.5,1.0,220.0,0.17,1.1,,,,0.03,,,,,0.1,0.1,0.3
528,578,"Lentilha, crua",11.5,339.0,1419.0,23.2,0.8,,62.0,16.9,2.6,54.0,94.0,1.08,368.0,7.0,,887.0,0.83,3.5,,,,0.11,,0.42,5.07,,0.1,0.2,0.4
529,579,"Paçoca, amendoim",1.8,487.0,2037.0,16.0,26.1,,52.4,7.3,3.8,22.0,101.0,1.06,198.0,1.1,167.0,348.0,0.38,1.6,,,,,,1.2,,,4.1,10.0,7.3
530,58,"Pastel, de queijo, frito",17.5,422.0,1766.0,8.7,22.7,15.0,48.1,0.9,2.9,126.0,15.0,0.2,124.0,1.3,821.0,124.0,0.1,0.8,18.0,18.0,18.0,0.09,0.04,,,,,,
531,580,"Pé-de-moleque, amendoim",2.9,503.0,2105.0,13.2,28.0,,54.7,3.4,1.1,27.0,108.0,1.09,171.0,1.3,16.0,355.0,0.43,1.4,,,,0.04,0.03,0.11,5.94,,5.1,14.4,8.3
532,581,"Soja, farinha",5.8,404.0,1690.0,36.0,14.6,,38.4,20.2,5.1,206.0,242.0,2.87,539.0,13.1,6.0,1922.0,1.29,4.5,,,,0.2,0.04,0.03,,,,,
533,582,"Soja, extrato solúvel, natural, fluido",91.3,39.0,164.0,2.4,1.6,,4.3,0.4,0.5,17.0,15.0,0.15,53.0,0.4,57.0,121.0,0.08,0.3,,,,,,,,,0.2,0.3,0.6
534,583,"Soja, extrato solúvel, pó",4.5,459.0,1920.0,35.7,26.2,,28.5,7.3,5.2,359.0,216.0,2.68,647.0,7.0,83.0,1607.0,1.19,5.8,,,,,0.11,0.35,,9.2,3.3,6.4,12.9
535,584,"Soja, queijo (tofu)",86.6,64.0,270.0,6.6,4.0,,2.1,0.8,0.7,81.0,38.0,0.33,130.0,1.4,1.0,182.0,0.18,0.9,,,,0.04,,0.03,,,0.4,0.5,1.7
536,585,"Tremoço, cru",9.7,381.0,1595.0,33.6,10.3,,43.8,32.3,2.6,177.0,121.0,,,,,,,,,,,,,,,,1.2,5.4,1.7
537,586,"Tremoço, em conserva",67.7,121.0,505.0,11.1,3.8,,12.4,14.4,5.0,16.0,4.0,,,,,,,,,,,,,,,,0.4,1.9,0.6
538,587,"Amêndoa, torrada, salgada",3.1,581.0,2430.0,18.6,47.3,,29.5,11.6,1.5,237.0,222.0,1.95,493.0,3.1,279.0,640.0,0.93,2.6,,,,0.29,0.16,,,,4.8,32.3,16.2
539,588,"Castanha-de-caju, torrada, salgada",3.5,570.0,2386.0,18.5,46.3,,29.1,3.7,2.6,33.0,237.0,1.59,594.0,5.2,125.0,671.0,1.92,4.7,,,,0.29,0.05,0.39,,,7.7,26.5,8.1
540,589,"Castanha-do-Brasil, crua",3.5,643.0,2690.0,14.5,63.5,,15.1,7.9,3.4,146.0,365.0,1.1,853.0,2.3,1.0,651.0,1.79,4.2,,,,0.3,,0.44,,,15.3,27.4,21.0
541,59,"Pastel, massa, crua",27.1,310.0,1298.0,6.9,5.5,,57.4,1.4,3.2,13.0,14.0,0.38,73.0,1.1,1344.0,167.0,0.11,0.6,,,,0.15,,,,,2.1,1.7,0.9
542,590,"Coco, cru",43.0,406.0,1701.0,3.7,42.0,,10.4,5.4,1.0,6.0,51.0,1.0,118.0,1.8,15.0,354.0,0.45,0.9,,,,,,0.03,,2.5,30.0,1.5,0.3
543,591,"Coco, verde, cru",,,,,,,,,,,,,,,,,,,,,,,,,,,3.1,1.1,0.3
544,592,"Farinha, de mesocarpo de babaçu, crua",15.8,329.0,1376.0,1.4,0.2,,79.2,17.9,3.4,61.0,39.0,0.38,26.0,18.3,12.0,362.0,0.22,0.3,,,,,,,2.58,,,,
545,593,"Gergelim, semente",3.9,584.0,2442.0,21.2,50.4,,21.6,11.9,2.9,825.0,361.0,2.67,741.0,5.4,3.0,546.0,1.51,5.2,,,,0.94,,0.13,5.92,,7.8,19.9,22.5
546,594,"Linhaça, semente",6.7,495.0,2072.0,14.1,32.3,,43.3,33.5,3.7,211.0,347.0,2.81,615.0,4.7,9.0,869.0,1.09,4.4,,,,0.12,,0.13,,,4.2,7.1,25.3
547,595,"Pinhão, cozido",50.5,174.0,730.0,3.0,0.7,,43.9,15.6,1.8,16.0,53.0,0.41,166.0,0.8,1.0,727.0,0.18,0.8,,,,,,,,27.7,0.3,0.1,0.2
548,596,"Pupunha, cozida",54.5,219.0,914.0,2.5,12.8,,29.6,4.3,0.7,28.0,25.0,0.13,49.0,0.5,1.0,303.0,0.28,0.3,,875.0,438.0,,0.09,0.03,,2.2,3.1,6.8,0.4
549,597,"Noz, crua",6.2,620.0,2594.0,14.0,59.4,,18.4,7.2,2.1,105.0,153.0,4.05,396.0,2.0,5.0,533.0,0.75,2.1,,,,0.38,,0.13,1.08,,5.6,8.7,44.1
550,6,"Arroz, tipo 2, cru",13.2,358.0,1498.0,7.2,0.3,,78.9,1.7,0.4,5.0,29.0,0.83,82.0,0.6,1.0,57.0,0.05,1.3,,,,0.16,,0.05,0.92,,0.1,0.1,0.1
551,60,"Pastel, massa, frita",1.0,570.0,2384.0,6.0,40.9,,49.3,1.3,2.8,11.0,13.0,0.36,62.0,1.4,1175.0,143.0,0.08,0.5,,,,0.16,,,,,6.9,10.1,21.2
552,61,"Pipoca, com óleo de soja, sem sal",2.8,448.0,1876.0,9.9,15.9,,70.3,14.3,1.0,3.0,91.0,0.65,225.0,1.2,4.0,256.0,0.46,2.0,,,,0.03,0.03,,,,2.4,3.7,9.2
553,62,"Polenta, pré-cozida",72.7,103.0,430.0,2.3,0.3,,23.3,2.4,1.4,1.0,4.0,,,,,,,,,,,,,,,,,,
554,63,"Torrada, pão francês",9.0,377.0,1579.0,10.5,3.3,,74.6,3.4,2.6,19.0,32.0,0.55,114.0,1.2,829.0,189.0,0.16,0.9,,,,0.38,,,,,0.9,0.8,1.0
555,64,"Abóbora, cabotian, cozida",86.4,48.0,201.0,1.4,0.7,,10.8,2.5,0.7,8.0,9.0,0.26,33.0,0.3,1.0,199.0,0.06,0.3,,,,0.08,,0.07,,7.5,0.1,0.2,0.2
556,65,"Abóbora, cabotian, crua",88.5,39.0,161.0,1.7,0.5,,8.4,2.2,0.8,18.0,9.0,0.11,26.0,0.4,,351.0,0.06,0.3,,,,,,0.1,,5.1,0.1,0.1,0.0
557,66,"Abóbora, menina brasileira, crua",95.7,14.0,57.0,0.6,,,3.3,1.2,0.4,9.0,4.0,0.01,12.0,0.2,,165.0,0.02,,,,,0.07,,0.04,,1.5,,,
558,67,"Abóbora, moranga, crua",95.9,12.0,52.0,1.0,0.1,,2.7,1.7,0.4,3.0,2.0,0.01,8.0,,,125.0,0.05,0.1,,,,,,0.06,,9.6,,,
559,68,"Abóbora, moranga, refogada",92.5,29.0,121.0,0.4,0.8,,6.0,1.5,0.4,19.0,7.0,0.02,12.0,0.1,3.0,183.0,0.04,0.1,,95.0,48.0,0.05,,0.05,,6.7,0.1,0.2,0.4
560,69,"Abobora, pescoço, crua",92.5,24.0,102.0,0.7,0.1,,6.1,2.3,0.6,9.0,7.0,0.07,32.0,0.3,1.0,264.0,0.09,0.2,,,,,,0.06,,2.1,,,
561,7,"Aveia, flocos, crua",9.1,394.0,1648.0,13.9,8.5,,66.6,9.1,1.8,48.0,119.0,1.89,153.0,4.4,5.0,336.0,0.44,2.6,,,,0.55,0.03,,4.47,1.4,1.5,3.2,3.0
562,70,"Abobrinha, italiana, cozida",95.3,15.0,63.0,1.1,0.2,,3.0,1.6,0.4,17.0,17.0,0.11,22.0,0.2,1.0,126.0,0.01,0.3,,,,0.05,,0.06,,2.1,0.1,,0.1
563,71,"Abobrinha, italiana, crua",93.9,19.0,81.0,1.1,0.1,,4.3,1.4,0.6,15.0,20.0,0.09,32.0,0.2,,253.0,0.05,0.2,,41.0,20.0,,0.06,0.03,,6.9,,,
564,72,"Abobrinha, italiana, refogada",93.5,24.0,102.0,1.1,0.8,,4.2,1.4,0.4,21.0,13.0,0.14,32.0,0.4,2.0,194.0,0.02,0.3,,42.0,21.0,0.04,,,,7.5,0.1,0.2,0.5
565,73,"Abobrinha, paulista, crua",90.9,31.0,129.0,0.6,0.1,,7.9,2.6,0.5,19.0,9.0,0.11,33.0,0.2,1.0,213.0,0.1,0.2,,,,,,0.03,,17.5,,,
566,74,"Acelga, crua",93.2,21.0,88.0,1.4,0.1,,4.6,1.1,0.6,43.0,10.0,0.11,40.0,0.3,1.0,240.0,0.1,0.3,,,,0.04,,0.16,,22.6,,,
567,75,"Agrião, cru",93.9,17.0,69.0,2.7,0.2,,2.3,2.1,0.9,133.0,18.0,0.28,51.0,3.1,7.0,218.0,0.1,0.7,,,,0.11,0.23,0.09,1.19,60.1,,,
568,76,"Aipo, cru",93.8,19.0,80.0,0.8,0.1,,4.3,1.0,1.1,65.0,9.0,0.18,28.0,0.7,10.0,274.0,0.31,0.1,,,,,,0.18,,5.9,,,
569,77,"Alface, americana, crua",97.2,9.0,37.0,0.6,0.1,,1.7,1.0,0.3,14.0,6.0,0.12,19.0,0.3,7.0,136.0,0.02,0.2,,,,0.03,,0.04,,11.0,,,
570,78,"Alface, crespa, crua",96.1,11.0,45.0,1.3,0.2,,1.7,1.8,0.7,38.0,11.0,0.2,26.0,0.4,3.0,267.0,0.03,0.3,,,,0.11,0.12,,1.09,15.6,,,
571,79,"Alface, lisa, crua",95.0,14.0,58.0,1.7,0.1,,2.4,2.3,0.8,28.0,9.0,0.33,26.0,0.6,4.0,349.0,0.03,0.3,,,,0.09,0.08,0.07,0.75,21.4,,,
572,8,"Biscoito, doce, maisena",3.2,443.0,1853.0,8.1,12.0,,75.2,2.1,1.5,54.0,37.0,0.78,166.0,1.8,352.0,142.0,0.17,1.0,,,,1.01,0.42,0.23,3.91,6.2,3.9,3.7,2.2
573,80,"Alface, roxa, crua",95.7,13.0,53.0,0.9,0.2,,2.5,2.0,0.7,34.0,9.0,0.12,51.0,2.5,7.0,308.0,0.04,0.2,,312.0,156.0,,,,,13.5,,,
574,81,"Alfavaca, crua",90.2,29.0,122.0,2.7,0.5,,5.2,4.1,1.4,258.0,84.0,0.15,50.0,1.3,5.0,261.0,0.15,0.7,,,,,0.12,0.56,,,0.1,,0.2
575,82,"Alho, cru",67.5,113.0,473.0,7.0,0.2,,23.9,4.3,1.3,14.0,21.0,0.24,149.0,0.8,5.0,535.0,0.15,0.8,,,,0.18,,0.44,,,,,
576,83,"Alho-poró, cru",91.0,32.0,132.0,1.4,0.1,,6.9,2.5,0.6,34.0,11.0,0.1,36.0,0.6,2.0,224.0,0.29,0.2,,16.0,8.0,0.06,,0.08,0.34,14.1,,,
577,84,"Almeirão, cru",93.7,18.0,75.0,1.8,0.2,,3.3,2.6,1.0,19.0,21.0,0.17,40.0,0.7,2.0,369.0,0.1,0.3,,,,0.1,0.18,,0.63,1.7,,,
578,85,"Almeirão, refogado",86.5,65.0,272.0,1.7,4.8,,5.7,3.4,1.2,63.0,17.0,0.28,31.0,1.6,15.0,315.0,0.06,0.2,,,,0.03,0.06,0.05,4.03,1.5,0.8,1.1,2.6
579,86,"Batata, baroa, cozida",79.3,80.0,335.0,0.9,0.2,,18.9,1.8,0.8,12.0,8.0,0.22,29.0,0.4,2.0,258.0,0.15,0.4,,,,0.06,,,1.98,17.1,,,
580,87,"Batata, baroa, crua",73.7,101.0,423.0,1.0,0.2,,24.0,2.1,1.1,17.0,12.0,0.07,45.0,0.3,,505.0,0.05,0.2,,25.0,12.0,0.05,,0.12,,7.6,,,
581,88,"Batata, doce, cozida",80.4,77.0,321.0,0.6,0.1,,18.4,2.2,0.4,17.0,11.0,0.14,15.0,0.2,3.0,148.0,0.06,0.1,,,,0.08,,0.05,2.57,23.8,,,
582,89,"Batata, doce, crua",69.5,118.0,495.0,1.3,0.1,,28.2,2.6,0.9,21.0,17.0,0.18,36.0,0.4,9.0,340.0,0.11,0.2,,,,0.06,,0.1,,16.5,,,
583,9,"Biscoito, doce, recheado com chocolate",2.2,472.0,1974.0,6.4,19.6,,70.5,3.0,1.3,27.0,48.0,0.59,139.0,2.3,239.0,232.0,0.27,1.0,,,,0.32,0.39,0.46,2.52,3.5,6.2,6.6,1.7
584,90,"Batata, frita, tipo chips, industrializada",2.7,543.0,2271.0,5.6,36.6,,51.2,2.5,3.9,12.0,24.0,0.23,96.0,0.7,607.0,1014.0,0.12,0.6,,,,0.2,,0.13,2.61,,12.9,11.9,4.0
585,91,"Batata, inglesa, cozida",86.4,52.0,216.0,1.2,,,11.9,1.3,0.5,4.0,5.0,0.07,24.0,0.2,2.0,161.0,0.06,0.2,,,,0.05,,0.08,,3.8,,,
586,92,"Batata, inglesa, crua",82.9,64.0,269.0,1.8,,,14.7,1.2,0.6,4.0,15.0,0.1,39.0,0.4,,302.0,0.09,0.2,,,,0.1,,0.15,,31.1,,,
587,93,"Batata, inglesa, frita",44.1,267.0,1118.0,5.0,13.1,,35.6,8.1,2.2,6.0,14.0,0.15,70.0,0.4,2.0,489.0,0.1,0.4,,,,0.17,,0.1,2.51,16.3,2.1,3.4,6.6
588,94,"Batata, inglesa, sauté",83.1,68.0,284.0,1.3,0.9,,14.1,1.4,0.6,4.0,6.0,0.08,32.0,0.3,8.0,199.0,0.05,0.2,,,,0.07,,0.09,,,0.3,0.2,0.4
589,95,"Berinjela, cozida",94.4,19.0,79.0,0.7,0.1,,4.5,2.5,0.3,11.0,9.0,0.11,15.0,0.2,1.0,105.0,0.04,0.1,,,,0.04,,,,,,,
590,96,"Berinjela, crua",93.8,20.0,82.0,1.2,0.1,,4.4,2.9,0.4,9.0,13.0,0.1,20.0,0.2,,205.0,0.06,0.1,,,,0.04,0.05,,,3.0,,,
591,97,"Beterraba, cozida",90.6,32.0,135.0,1.3,0.1,,7.2,1.9,0.8,15.0,17.0,0.19,30.0,0.2,23.0,245.0,0.04,0.4,,,,0.09,,,,1.2,,,
592,98,"Beterraba, crua",86.0,49.0,204.0,1.9,0.1,,11.1,3.4,0.9,18.0,24.0,1.23,19.0,0.3,10.0,375.0,0.08,0.5,,,,0.04,,0.04,,3.1,,,
593,99,"Biscoito, polvilho doce",5.4,438.0,1831.0,1.3,12.2,9.0,80.5,1.2,0.5,30.0,6.0,0.08,23.0,1.8,98.0,54.0,0.04,0.1,,,,,0.03,0.07,,,2.4,4.3,0.6
594,345,"Carne, bovina, contra-filé, sem gordura, cru ",69.1,157.0,655.0,24.0,6.0,59.0,0.0,,1.0,4.0,21.0,,184.0,1.7,53.0,335.0,0.05,3.2,,,,,0.20,,4.64,,,,
